INSERT INTO product_attributes (attribute_value, product_id, attribute_id) VALUES ('Green', 9741, 1);
INSERT INTO product_attributes (attribute_value, product_id, attribute_id) VALUES ('M', 9741, 2);
INSERT INTO product_attributes (attribute_value, product_id, attribute_id) VALUES ('wool', 9741, 3);
INSERT INTO stock (product_id, quantity, warehouse_location) VALUES (9741, 153, 'C7');
INSERT INTO products (id, description, name, price, sku, supplier_id, category_id, brand_id) VALUES (9742, 'silk Shirt', 'Silk Shirt', 88.77, 'SKU09742', 10, 4, 4);
INSERT INTO images (id, alt_text, image_url, product_id) VALUES (19483, 'Shirt front view', 'https://example.com/sku09742-front.jpg', 9742);
INSERT INTO images (id, alt_text, image_url, product_id) VALUES (19484, 'Shirt back view', 'https://example.com/sku09742-back.jpg', 9742);
INSERT INTO product_attributes (attribute_value, product_id, attribute_id) VALUES ('White', 9742, 1);
INSERT INTO product_attributes (attribute_value, product_id, attribute_id) VALUES ('XXL', 9742, 2);
INSERT INTO product_attributes (attribute_value, product_id, attribute_id) VALUES ('linen', 9742, 3);
INSERT INTO stock (product_id, quantity, warehouse_location) VALUES (9742, 116, 'A1');
INSERT INTO products (id, description, name, price, sku, supplier_id, category_id, brand_id) VALUES (9743, 'silk T-Shirt', 'Silk T-Shirt', 96.23, 'SKU09743', 8, 4, 4);
INSERT INTO images (id, alt_text, image_url, product_id) VALUES (19485, 'T-Shirt front view', 'https://example.com/sku09743-front.jpg', 9743);
INSERT INTO images (id, alt_text, image_url, product_id) VALUES (19486, 'T-Shirt back view', 'https://example.com/sku09743-back.jpg', 9743);
INSERT INTO product_attributes (attribute_value, product_id, attribute_id) VALUES ('Green', 9743, 1);
INSERT INTO product_attributes (attribute_value, product_id, attribute_id) VALUES ('XL', 9743, 2);
INSERT INTO product_attributes (attribute_value, product_id, attribute_id) VALUES ('linen', 9743, 3);
INSERT INTO stock (product_id, quantity, warehouse_location) VALUES (9743, 20, 'C4');
INSERT INTO products (id, description, name, price, sku, supplier_id, category_id, brand_id) VALUES (9744, 'silk T-Shirt', 'Silk T-Shirt', 19.51, 'SKU09744', 7, 3, 3);
INSERT INTO images (id, alt_text, image_url, product_id) VALUES (19487, 'T-Shirt front view', 'https://example.com/sku09744-front.jpg', 9744);
INSERT INTO images (id, alt_text, image_url, product_id) VALUES (19488, 'T-Shirt back view', 'https://example.com/sku09744-back.jpg', 9744);
INSERT INTO product_attributes (attribute_value, product_id, attribute_id) VALUES ('Green', 9744, 1);
INSERT INTO product_attributes (attribute_value, product_id, attribute_id) VALUES ('XL', 9744, 2);
INSERT INTO product_attributes (attribute_value, product_id, attribute_id) VALUES ('cotton', 9744, 3);
INSERT INTO stock (product_id, quantity, warehouse_location) VALUES (9744, 35, 'C5');
INSERT INTO products (id, description, name, price, sku, supplier_id, category_id, brand_id) VALUES (9745, 'linen Shirt', 'Linen Shirt', 92.92, 'SKU09745', 6, 1, 5);
INSERT INTO images (id, alt_text, image_url, product_id) VALUES (19489, 'Shirt front view', 'https://example.com/sku09745-front.jpg', 9745);
INSERT INTO images (id, alt_text, image_url, product_id) VALUES (19490, 'Shirt back view', 'https://example.com/sku09745-back.jpg', 9745);
INSERT INTO product_attributes (attribute_value, product_id, attribute_id) VALUES ('Black', 9745, 1);
INSERT INTO product_attributes (attribute_value, product_id, attribute_id) VALUES ('L', 9745, 2);
INSERT INTO product_attributes (attribute_value, product_id, attribute_id) VALUES ('cotton', 9745, 3);
INSERT INTO stock (product_id, quantity, warehouse_location) VALUES (9745, 140, 'B10');
INSERT INTO products (id, description, name, price, sku, supplier_id, category_id, brand_id) VALUES (9746, 'silk Sweater', 'Silk Sweater', 42.97, 'SKU09746', 10, 1, 5);
INSERT INTO images (id, alt_text, image_url, product_id) VALUES (19491, 'Sweater front view', 'https://example.com/sku09746-front.jpg', 9746);
INSERT INTO images (id, alt_text, image_url, product_id) VALUES (19492, 'Sweater back view', 'https://example.com/sku09746-back.jpg', 9746);
INSERT INTO product_attributes (attribute_value, product_id, attribute_id) VALUES ('Green', 9746, 1);
INSERT INTO product_attributes (attribute_value, product_id, attribute_id) VALUES ('XL', 9746, 2);
INSERT INTO product_attributes (attribute_value, product_id, attribute_id) VALUES ('denim', 9746, 3);
INSERT INTO stock (product_id, quantity, warehouse_location) VALUES (9746, 97, 'C8');
INSERT INTO products (id, description, name, price, sku, supplier_id, category_id, brand_id) VALUES (9747, 'linen T-Shirt', 'Linen T-Shirt', 31.57, 'SKU09747', 2, 1, 5);
INSERT INTO images (id, alt_text, image_url, product_id) VALUES (19493, 'T-Shirt front view', 'https://example.com/sku09747-front.jpg', 9747);
INSERT INTO images (id, alt_text, image_url, product_id) VALUES (19494, 'T-Shirt back view', 'https://example.com/sku09747-back.jpg', 9747);
INSERT INTO product_attributes (attribute_value, product_id, attribute_id) VALUES ('White', 9747, 1);
INSERT INTO product_attributes (attribute_value, product_id, attribute_id) VALUES ('S', 9747, 2);
INSERT INTO product_attributes (attribute_value, product_id, attribute_id) VALUES ('wool', 9747, 3);
INSERT INTO stock (product_id, quantity, warehouse_location) VALUES (9747, 62, 'B6');
INSERT INTO products (id, description, name, price, sku, supplier_id, category_id, brand_id) VALUES (9748, 'wool Shirt', 'Wool Shirt', 24.78, 'SKU09748', 4, 1, 3);
INSERT INTO images (id, alt_text, image_url, product_id) VALUES (19495, 'Shirt front view', 'https://example.com/sku09748-front.jpg', 9748);
INSERT INTO images (id, alt_text, image_url, product_id) VALUES (19496, 'Shirt back view', 'https://example.com/sku09748-back.jpg', 9748);
INSERT INTO product_attributes (attribute_value, product_id, attribute_id) VALUES ('Blue', 9748, 1);
INSERT INTO product_attributes (attribute_value, product_id, attribute_id) VALUES ('XL', 9748, 2);
INSERT INTO product_attributes (attribute_value, product_id, attribute_id) VALUES ('denim', 9748, 3);
INSERT INTO stock (product_id, quantity, warehouse_location) VALUES (9748, 34, 'C6');
INSERT INTO products (id, description, name, price, sku, supplier_id, category_id, brand_id) VALUES (9749, 'cotton Shirt', 'Cotton Shirt', 18.97, 'SKU09749', 3, 3, 4);
INSERT INTO images (id, alt_text, image_url, product_id) VALUES (19497, 'Shirt front view', 'https://example.com/sku09749-front.jpg', 9749);
INSERT INTO images (id, alt_text, image_url, product_id) VALUES (19498, 'Shirt back view', 'https://example.com/sku09749-back.jpg', 9749);
INSERT INTO product_attributes (attribute_value, product_id, attribute_id) VALUES ('Green', 9749, 1);
INSERT INTO product_attributes (attribute_value, product_id, attribute_id) VALUES ('XL', 9749, 2);
INSERT INTO product_attributes (attribute_value, product_id, attribute_id) VALUES ('silk', 9749, 3);
INSERT INTO stock (product_id, quantity, warehouse_location) VALUES (9749, 88, 'C9');
INSERT INTO products (id, description, name, price, sku, supplier_id, category_id, brand_id) VALUES (9750, 'linen Sweater', 'Linen Sweater', 48.18, 'SKU09750', 5, 4, 5);
INSERT INTO images (id, alt_text, image_url, product_id) VALUES (19499, 'Sweater front view', 'https://example.com/sku09750-front.jpg', 9750);
INSERT INTO images (id, alt_text, image_url, product_id) VALUES (19500, 'Sweater back view', 'https://example.com/sku09750-back.jpg', 9750);
INSERT INTO product_attributes (attribute_value, product_id, attribute_id) VALUES ('White', 9750, 1);
INSERT INTO product_attributes (attribute_value, product_id, attribute_id) VALUES ('S', 9750, 2);
INSERT INTO product_attributes (attribute_value, product_id, attribute_id) VALUES ('denim', 9750, 3);
INSERT INTO stock (product_id, quantity, warehouse_location) VALUES (9750, 76, 'B1');
INSERT INTO products (id, description, name, price, sku, supplier_id, category_id, brand_id) VALUES (9751, 'silk Jeans', 'Silk Jeans', 54.28, 'SKU09751', 9, 1, 1);
INSERT INTO images (id, alt_text, image_url, product_id) VALUES (19501, 'Jeans front view', 'https://example.com/sku09751-front.jpg', 9751);
INSERT INTO images (id, alt_text, image_url, product_id) VALUES (19502, 'Jeans back view', 'https://example.com/sku09751-back.jpg', 9751);
INSERT INTO product_attributes (attribute_value, product_id, attribute_id) VALUES ('Black', 9751, 1);
INSERT INTO product_attributes (attribute_value, product_id, attribute_id) VALUES ('S', 9751, 2);
INSERT INTO product_attributes (attribute_value, product_id, attribute_id) VALUES ('silk', 9751, 3);
INSERT INTO stock (product_id, quantity, warehouse_location) VALUES (9751, 95, 'B10');
INSERT INTO products (id, description, name, price, sku, supplier_id, category_id, brand_id) VALUES (9752, 'linen T-Shirt', 'Linen T-Shirt', 74.24, 'SKU09752', 8, 1, 4);
INSERT INTO images (id, alt_text, image_url, product_id) VALUES (19503, 'T-Shirt front view', 'https://example.com/sku09752-front.jpg', 9752);
INSERT INTO images (id, alt_text, image_url, product_id) VALUES (19504, 'T-Shirt back view', 'https://example.com/sku09752-back.jpg', 9752);
INSERT INTO product_attributes (attribute_value, product_id, attribute_id) VALUES ('Red', 9752, 1);
INSERT INTO product_attributes (attribute_value, product_id, attribute_id) VALUES ('XL', 9752, 2);
INSERT INTO product_attributes (attribute_value, product_id, attribute_id) VALUES ('linen', 9752, 3);
INSERT INTO stock (product_id, quantity, warehouse_location) VALUES (9752, 99, 'B8');
INSERT INTO products (id, description, name, price, sku, supplier_id, category_id, brand_id) VALUES (9753, 'linen T-Shirt', 'Linen T-Shirt', 11.33, 'SKU09753', 8, 1, 5);
INSERT INTO images (id, alt_text, image_url, product_id) VALUES (19505, 'T-Shirt front view', 'https://example.com/sku09753-front.jpg', 9753);
INSERT INTO images (id, alt_text, image_url, product_id) VALUES (19506, 'T-Shirt back view', 'https://example.com/sku09753-back.jpg', 9753);
INSERT INTO product_attributes (attribute_value, product_id, attribute_id) VALUES ('Red', 9753, 1);
INSERT INTO product_attributes (attribute_value, product_id, attribute_id) VALUES ('XXL', 9753, 2);
INSERT INTO product_attributes (attribute_value, product_id, attribute_id) VALUES ('cotton', 9753, 3);
INSERT INTO stock (product_id, quantity, warehouse_location) VALUES (9753, 114, 'B7');
INSERT INTO products (id, description, name, price, sku, supplier_id, category_id, brand_id) VALUES (9754, 'linen Shirt', 'Linen Shirt', 86.08, 'SKU09754', 2, 1, 2);
INSERT INTO images (id, alt_text, image_url, product_id) VALUES (19507, 'Shirt front view', 'https://example.com/sku09754-front.jpg', 9754);
INSERT INTO images (id, alt_text, image_url, product_id) VALUES (19508, 'Shirt back view', 'https://example.com/sku09754-back.jpg', 9754);
INSERT INTO product_attributes (attribute_value, product_id, attribute_id) VALUES ('Black', 9754, 1);
INSERT INTO product_attributes (attribute_value, product_id, attribute_id) VALUES ('XL', 9754, 2);
INSERT INTO product_attributes (attribute_value, product_id, attribute_id) VALUES ('wool', 9754, 3);
INSERT INTO stock (product_id, quantity, warehouse_location) VALUES (9754, 27, 'C6');
INSERT INTO products (id, description, name, price, sku, supplier_id, category_id, brand_id) VALUES (9755, 'denim Sweater', 'Denim Sweater', 44.62, 'SKU09755', 6, 4, 5);
INSERT INTO images (id, alt_text, image_url, product_id) VALUES (19509, 'Sweater front view', 'https://example.com/sku09755-front.jpg', 9755);
INSERT INTO images (id, alt_text, image_url, product_id) VALUES (19510, 'Sweater back view', 'https://example.com/sku09755-back.jpg', 9755);
INSERT INTO product_attributes (attribute_value, product_id, attribute_id) VALUES ('Blue', 9755, 1);
INSERT INTO product_attributes (attribute_value, product_id, attribute_id) VALUES ('M', 9755, 2);
INSERT INTO product_attributes (attribute_value, product_id, attribute_id) VALUES ('denim', 9755, 3);
INSERT INTO stock (product_id, quantity, warehouse_location) VALUES (9755, 158, 'C6');
INSERT INTO products (id, description, name, price, sku, supplier_id, category_id, brand_id) VALUES (9756, 'linen Shirt', 'Linen Shirt', 12.56, 'SKU09756', 3, 1, 5);
INSERT INTO images (id, alt_text, image_url, product_id) VALUES (19511, 'Shirt front view', 'https://example.com/sku09756-front.jpg', 9756);
INSERT INTO images (id, alt_text, image_url, product_id) VALUES (19512, 'Shirt back view', 'https://example.com/sku09756-back.jpg', 9756);
INSERT INTO product_attributes (attribute_value, product_id, attribute_id) VALUES ('Black', 9756, 1);
INSERT INTO product_attributes (attribute_value, product_id, attribute_id) VALUES ('L', 9756, 2);
INSERT INTO product_attributes (attribute_value, product_id, attribute_id) VALUES ('cotton', 9756, 3);
INSERT INTO stock (product_id, quantity, warehouse_location) VALUES (9756, 122, 'B5');
INSERT INTO products (id, description, name, price, sku, supplier_id, category_id, brand_id) VALUES (9757, 'linen Jacket', 'Linen Jacket', 24.75, 'SKU09757', 8, 2, 5);
INSERT INTO images (id, alt_text, image_url, product_id) VALUES (19513, 'Jacket front view', 'https://example.com/sku09757-front.jpg', 9757);
INSERT INTO images (id, alt_text, image_url, product_id) VALUES (19514, 'Jacket back view', 'https://example.com/sku09757-back.jpg', 9757);
INSERT INTO product_attributes (attribute_value, product_id, attribute_id) VALUES ('White', 9757, 1);
INSERT INTO product_attributes (attribute_value, product_id, attribute_id) VALUES ('M', 9757, 2);
INSERT INTO product_attributes (attribute_value, product_id, attribute_id) VALUES ('linen', 9757, 3);
INSERT INTO stock (product_id, quantity, warehouse_location) VALUES (9757, 168, 'C8');
INSERT INTO products (id, description, name, price, sku, supplier_id, category_id, brand_id) VALUES (9758, 'denim Jeans', 'Denim Jeans', 58.0, 'SKU09758', 4, 3, 5);
INSERT INTO images (id, alt_text, image_url, product_id) VALUES (19515, 'Jeans front view', 'https://example.com/sku09758-front.jpg', 9758);
INSERT INTO images (id, alt_text, image_url, product_id) VALUES (19516, 'Jeans back view', 'https://example.com/sku09758-back.jpg', 9758);
INSERT INTO product_attributes (attribute_value, product_id, attribute_id) VALUES ('Red', 9758, 1);
INSERT INTO product_attributes (attribute_value, product_id, attribute_id) VALUES ('XL', 9758, 2);
INSERT INTO product_attributes (attribute_value, product_id, attribute_id) VALUES ('linen', 9758, 3);
INSERT INTO stock (product_id, quantity, warehouse_location) VALUES (9758, 58, 'A4');
INSERT INTO products (id, description, name, price, sku, supplier_id, category_id, brand_id) VALUES (9759, 'silk Jacket', 'Silk Jacket', 59.0, 'SKU09759', 3, 2, 1);
INSERT INTO images (id, alt_text, image_url, product_id) VALUES (19517, 'Jacket front view', 'https://example.com/sku09759-front.jpg', 9759);
INSERT INTO images (id, alt_text, image_url, product_id) VALUES (19518, 'Jacket back view', 'https://example.com/sku09759-back.jpg', 9759);
INSERT INTO product_attributes (attribute_value, product_id, attribute_id) VALUES ('Black', 9759, 1);
INSERT INTO product_attributes (attribute_value, product_id, attribute_id) VALUES ('XXL', 9759, 2);
INSERT INTO product_attributes (attribute_value, product_id, attribute_id) VALUES ('cotton', 9759, 3);
INSERT INTO stock (product_id, quantity, warehouse_location) VALUES (9759, 106, 'C6');
INSERT INTO products (id, description, name, price, sku, supplier_id, category_id, brand_id) VALUES (9760, 'denim T-Shirt', 'Denim T-Shirt', 13.68, 'SKU09760', 6, 3, 1);
INSERT INTO images (id, alt_text, image_url, product_id) VALUES (19519, 'T-Shirt front view', 'https://example.com/sku09760-front.jpg', 9760);
INSERT INTO images (id, alt_text, image_url, product_id) VALUES (19520, 'T-Shirt back view', 'https://example.com/sku09760-back.jpg', 9760);
INSERT INTO product_attributes (attribute_value, product_id, attribute_id) VALUES ('White', 9760, 1);
INSERT INTO product_attributes (attribute_value, product_id, attribute_id) VALUES ('XXL', 9760, 2);
INSERT INTO product_attributes (attribute_value, product_id, attribute_id) VALUES ('silk', 9760, 3);
INSERT INTO stock (product_id, quantity, warehouse_location) VALUES (9760, 188, 'B8');
INSERT INTO products (id, description, name, price, sku, supplier_id, category_id, brand_id) VALUES (9761, 'wool Jeans', 'Wool Jeans', 33.14, 'SKU09761', 5, 4, 1);
INSERT INTO images (id, alt_text, image_url, product_id) VALUES (19521, 'Jeans front view', 'https://example.com/sku09761-front.jpg', 9761);
INSERT INTO images (id, alt_text, image_url, product_id) VALUES (19522, 'Jeans back view', 'https://example.com/sku09761-back.jpg', 9761);
INSERT INTO product_attributes (attribute_value, product_id, attribute_id) VALUES ('Black', 9761, 1);
INSERT INTO product_attributes (attribute_value, product_id, attribute_id) VALUES ('XXL', 9761, 2);
INSERT INTO product_attributes (attribute_value, product_id, attribute_id) VALUES ('silk', 9761, 3);
INSERT INTO stock (product_id, quantity, warehouse_location) VALUES (9761, 60, 'C10');
INSERT INTO products (id, description, name, price, sku, supplier_id, category_id, brand_id) VALUES (9762, 'wool Shirt', 'Wool Shirt', 52.88, 'SKU09762', 8, 2, 1);
INSERT INTO images (id, alt_text, image_url, product_id) VALUES (19523, 'Shirt front view', 'https://example.com/sku09762-front.jpg', 9762);
INSERT INTO images (id, alt_text, image_url, product_id) VALUES (19524, 'Shirt back view', 'https://example.com/sku09762-back.jpg', 9762);
INSERT INTO product_attributes (attribute_value, product_id, attribute_id) VALUES ('White', 9762, 1);
INSERT INTO product_attributes (attribute_value, product_id, attribute_id) VALUES ('M', 9762, 2);
INSERT INTO product_attributes (attribute_value, product_id, attribute_id) VALUES ('linen', 9762, 3);
INSERT INTO stock (product_id, quantity, warehouse_location) VALUES (9762, 163, 'A9');
INSERT INTO products (id, description, name, price, sku, supplier_id, category_id, brand_id) VALUES (9763, 'silk T-Shirt', 'Silk T-Shirt', 53.88, 'SKU09763', 6, 2, 4);
INSERT INTO images (id, alt_text, image_url, product_id) VALUES (19525, 'T-Shirt front view', 'https://example.com/sku09763-front.jpg', 9763);
INSERT INTO images (id, alt_text, image_url, product_id) VALUES (19526, 'T-Shirt back view', 'https://example.com/sku09763-back.jpg', 9763);
INSERT INTO product_attributes (attribute_value, product_id, attribute_id) VALUES ('White', 9763, 1);
INSERT INTO product_attributes (attribute_value, product_id, attribute_id) VALUES ('XL', 9763, 2);
INSERT INTO product_attributes (attribute_value, product_id, attribute_id) VALUES ('denim', 9763, 3);
INSERT INTO stock (product_id, quantity, warehouse_location) VALUES (9763, 200, 'A4');
INSERT INTO products (id, description, name, price, sku, supplier_id, category_id, brand_id) VALUES (9764, 'wool Jacket', 'Wool Jacket', 70.04, 'SKU09764', 8, 1, 3);
INSERT INTO images (id, alt_text, image_url, product_id) VALUES (19527, 'Jacket front view', 'https://example.com/sku09764-front.jpg', 9764);
INSERT INTO images (id, alt_text, image_url, product_id) VALUES (19528, 'Jacket back view', 'https://example.com/sku09764-back.jpg', 9764);
INSERT INTO product_attributes (attribute_value, product_id, attribute_id) VALUES ('Red', 9764, 1);
INSERT INTO product_attributes (attribute_value, product_id, attribute_id) VALUES ('XL', 9764, 2);
INSERT INTO product_attributes (attribute_value, product_id, attribute_id) VALUES ('cotton', 9764, 3);
INSERT INTO stock (product_id, quantity, warehouse_location) VALUES (9764, 126, 'A7');
INSERT INTO products (id, description, name, price, sku, supplier_id, category_id, brand_id) VALUES (9765, 'linen Jeans', 'Linen Jeans', 63.66, 'SKU09765', 6, 2, 1);
INSERT INTO images (id, alt_text, image_url, product_id) VALUES (19529, 'Jeans front view', 'https://example.com/sku09765-front.jpg', 9765);
INSERT INTO images (id, alt_text, image_url, product_id) VALUES (19530, 'Jeans back view', 'https://example.com/sku09765-back.jpg', 9765);
INSERT INTO product_attributes (attribute_value, product_id, attribute_id) VALUES ('White', 9765, 1);
INSERT INTO product_attributes (attribute_value, product_id, attribute_id) VALUES ('XL', 9765, 2);
INSERT INTO product_attributes (attribute_value, product_id, attribute_id) VALUES ('denim', 9765, 3);
INSERT INTO stock (product_id, quantity, warehouse_location) VALUES (9765, 146, 'C2');
INSERT INTO products (id, description, name, price, sku, supplier_id, category_id, brand_id) VALUES (9766, 'cotton Sweater', 'Cotton Sweater', 24.34, 'SKU09766', 2, 4, 2);
INSERT INTO images (id, alt_text, image_url, product_id) VALUES (19531, 'Sweater front view', 'https://example.com/sku09766-front.jpg', 9766);
INSERT INTO images (id, alt_text, image_url, product_id) VALUES (19532, 'Sweater back view', 'https://example.com/sku09766-back.jpg', 9766);
INSERT INTO product_attributes (attribute_value, product_id, attribute_id) VALUES ('Black', 9766, 1);
INSERT INTO product_attributes (attribute_value, product_id, attribute_id) VALUES ('S', 9766, 2);
INSERT INTO product_attributes (attribute_value, product_id, attribute_id) VALUES ('wool', 9766, 3);
INSERT INTO stock (product_id, quantity, warehouse_location) VALUES (9766, 67, 'C7');
INSERT INTO products (id, description, name, price, sku, supplier_id, category_id, brand_id) VALUES (9767, 'silk Sweater', 'Silk Sweater', 95.79, 'SKU09767', 1, 1, 2);
INSERT INTO images (id, alt_text, image_url, product_id) VALUES (19533, 'Sweater front view', 'https://example.com/sku09767-front.jpg', 9767);
INSERT INTO images (id, alt_text, image_url, product_id) VALUES (19534, 'Sweater back view', 'https://example.com/sku09767-back.jpg', 9767);
INSERT INTO product_attributes (attribute_value, product_id, attribute_id) VALUES ('Blue', 9767, 1);
INSERT INTO product_attributes (attribute_value, product_id, attribute_id) VALUES ('XXL', 9767, 2);
INSERT INTO product_attributes (attribute_value, product_id, attribute_id) VALUES ('silk', 9767, 3);
INSERT INTO stock (product_id, quantity, warehouse_location) VALUES (9767, 49, 'B10');
INSERT INTO products (id, description, name, price, sku, supplier_id, category_id, brand_id) VALUES (9768, 'silk T-Shirt', 'Silk T-Shirt', 90.07, 'SKU09768', 10, 1, 4);
INSERT INTO images (id, alt_text, image_url, product_id) VALUES (19535, 'T-Shirt front view', 'https://example.com/sku09768-front.jpg', 9768);
INSERT INTO images (id, alt_text, image_url, product_id) VALUES (19536, 'T-Shirt back view', 'https://example.com/sku09768-back.jpg', 9768);
INSERT INTO product_attributes (attribute_value, product_id, attribute_id) VALUES ('Red', 9768, 1);
INSERT INTO product_attributes (attribute_value, product_id, attribute_id) VALUES ('L', 9768, 2);
INSERT INTO product_attributes (attribute_value, product_id, attribute_id) VALUES ('wool', 9768, 3);
INSERT INTO stock (product_id, quantity, warehouse_location) VALUES (9768, 164, 'C6');
INSERT INTO products (id, description, name, price, sku, supplier_id, category_id, brand_id) VALUES (9769, 'linen T-Shirt', 'Linen T-Shirt', 35.19, 'SKU09769', 9, 4, 3);
INSERT INTO images (id, alt_text, image_url, product_id) VALUES (19537, 'T-Shirt front view', 'https://example.com/sku09769-front.jpg', 9769);
INSERT INTO images (id, alt_text, image_url, product_id) VALUES (19538, 'T-Shirt back view', 'https://example.com/sku09769-back.jpg', 9769);
INSERT INTO product_attributes (attribute_value, product_id, attribute_id) VALUES ('White', 9769, 1);
INSERT INTO product_attributes (attribute_value, product_id, attribute_id) VALUES ('XL', 9769, 2);
INSERT INTO product_attributes (attribute_value, product_id, attribute_id) VALUES ('linen', 9769, 3);
INSERT INTO stock (product_id, quantity, warehouse_location) VALUES (9769, 47, 'C4');
INSERT INTO products (id, description, name, price, sku, supplier_id, category_id, brand_id) VALUES (9770, 'wool Jeans', 'Wool Jeans', 38.58, 'SKU09770', 1, 4, 4);
INSERT INTO images (id, alt_text, image_url, product_id) VALUES (19539, 'Jeans front view', 'https://example.com/sku09770-front.jpg', 9770);
INSERT INTO images (id, alt_text, image_url, product_id) VALUES (19540, 'Jeans back view', 'https://example.com/sku09770-back.jpg', 9770);
INSERT INTO product_attributes (attribute_value, product_id, attribute_id) VALUES ('Blue', 9770, 1);
INSERT INTO product_attributes (attribute_value, product_id, attribute_id) VALUES ('S', 9770, 2);
INSERT INTO product_attributes (attribute_value, product_id, attribute_id) VALUES ('denim', 9770, 3);
INSERT INTO stock (product_id, quantity, warehouse_location) VALUES (9770, 137, 'A7');
INSERT INTO products (id, description, name, price, sku, supplier_id, category_id, brand_id) VALUES (9771, 'wool Jeans', 'Wool Jeans', 52.43, 'SKU09771', 2, 3, 1);
INSERT INTO images (id, alt_text, image_url, product_id) VALUES (19541, 'Jeans front view', 'https://example.com/sku09771-front.jpg', 9771);
INSERT INTO images (id, alt_text, image_url, product_id) VALUES (19542, 'Jeans back view', 'https://example.com/sku09771-back.jpg', 9771);
INSERT INTO product_attributes (attribute_value, product_id, attribute_id) VALUES ('Blue', 9771, 1);
INSERT INTO product_attributes (attribute_value, product_id, attribute_id) VALUES ('L', 9771, 2);
INSERT INTO product_attributes (attribute_value, product_id, attribute_id) VALUES ('linen', 9771, 3);
INSERT INTO stock (product_id, quantity, warehouse_location) VALUES (9771, 64, 'C10');
INSERT INTO products (id, description, name, price, sku, supplier_id, category_id, brand_id) VALUES (9772, 'wool Sweater', 'Wool Sweater', 76.77, 'SKU09772', 3, 3, 4);
INSERT INTO images (id, alt_text, image_url, product_id) VALUES (19543, 'Sweater front view', 'https://example.com/sku09772-front.jpg', 9772);
INSERT INTO images (id, alt_text, image_url, product_id) VALUES (19544, 'Sweater back view', 'https://example.com/sku09772-back.jpg', 9772);
INSERT INTO product_attributes (attribute_value, product_id, attribute_id) VALUES ('Green', 9772, 1);
INSERT INTO product_attributes (attribute_value, product_id, attribute_id) VALUES ('L', 9772, 2);
INSERT INTO product_attributes (attribute_value, product_id, attribute_id) VALUES ('silk', 9772, 3);
INSERT INTO stock (product_id, quantity, warehouse_location) VALUES (9772, 100, 'B5');
INSERT INTO products (id, description, name, price, sku, supplier_id, category_id, brand_id) VALUES (9773, 'wool Jacket', 'Wool Jacket', 86.42, 'SKU09773', 3, 2, 4);
INSERT INTO images (id, alt_text, image_url, product_id) VALUES (19545, 'Jacket front view', 'https://example.com/sku09773-front.jpg', 9773);
INSERT INTO images (id, alt_text, image_url, product_id) VALUES (19546, 'Jacket back view', 'https://example.com/sku09773-back.jpg', 9773);
INSERT INTO product_attributes (attribute_value, product_id, attribute_id) VALUES ('Black', 9773, 1);
INSERT INTO product_attributes (attribute_value, product_id, attribute_id) VALUES ('M', 9773, 2);
INSERT INTO product_attributes (attribute_value, product_id, attribute_id) VALUES ('silk', 9773, 3);
INSERT INTO stock (product_id, quantity, warehouse_location) VALUES (9773, 142, 'B6');
INSERT INTO products (id, description, name, price, sku, supplier_id, category_id, brand_id) VALUES (9774, 'silk T-Shirt', 'Silk T-Shirt', 47.1, 'SKU09774', 4, 3, 3);
INSERT INTO images (id, alt_text, image_url, product_id) VALUES (19547, 'T-Shirt front view', 'https://example.com/sku09774-front.jpg', 9774);
INSERT INTO images (id, alt_text, image_url, product_id) VALUES (19548, 'T-Shirt back view', 'https://example.com/sku09774-back.jpg', 9774);
INSERT INTO product_attributes (attribute_value, product_id, attribute_id) VALUES ('Blue', 9774, 1);
INSERT INTO product_attributes (attribute_value, product_id, attribute_id) VALUES ('S', 9774, 2);
INSERT INTO product_attributes (attribute_value, product_id, attribute_id) VALUES ('cotton', 9774, 3);
INSERT INTO stock (product_id, quantity, warehouse_location) VALUES (9774, 6, 'B10');
INSERT INTO products (id, description, name, price, sku, supplier_id, category_id, brand_id) VALUES (9775, 'wool Shirt', 'Wool Shirt', 31.26, 'SKU09775', 6, 4, 5);
INSERT INTO images (id, alt_text, image_url, product_id) VALUES (19549, 'Shirt front view', 'https://example.com/sku09775-front.jpg', 9775);
INSERT INTO images (id, alt_text, image_url, product_id) VALUES (19550, 'Shirt back view', 'https://example.com/sku09775-back.jpg', 9775);
INSERT INTO product_attributes (attribute_value, product_id, attribute_id) VALUES ('Green', 9775, 1);
INSERT INTO product_attributes (attribute_value, product_id, attribute_id) VALUES ('S', 9775, 2);
INSERT INTO product_attributes (attribute_value, product_id, attribute_id) VALUES ('denim', 9775, 3);
INSERT INTO stock (product_id, quantity, warehouse_location) VALUES (9775, 52, 'B9');
INSERT INTO products (id, description, name, price, sku, supplier_id, category_id, brand_id) VALUES (9776, 'cotton Shirt', 'Cotton Shirt', 97.57, 'SKU09776', 7, 1, 4);
INSERT INTO images (id, alt_text, image_url, product_id) VALUES (19551, 'Shirt front view', 'https://example.com/sku09776-front.jpg', 9776);
INSERT INTO images (id, alt_text, image_url, product_id) VALUES (19552, 'Shirt back view', 'https://example.com/sku09776-back.jpg', 9776);
INSERT INTO product_attributes (attribute_value, product_id, attribute_id) VALUES ('Blue', 9776, 1);
INSERT INTO product_attributes (attribute_value, product_id, attribute_id) VALUES ('S', 9776, 2);
INSERT INTO product_attributes (attribute_value, product_id, attribute_id) VALUES ('cotton', 9776, 3);
INSERT INTO stock (product_id, quantity, warehouse_location) VALUES (9776, 23, 'B7');
INSERT INTO products (id, description, name, price, sku, supplier_id, category_id, brand_id) VALUES (9777, 'linen Jacket', 'Linen Jacket', 52.39, 'SKU09777', 9, 3, 3);
INSERT INTO images (id, alt_text, image_url, product_id) VALUES (19553, 'Jacket front view', 'https://example.com/sku09777-front.jpg', 9777);
INSERT INTO images (id, alt_text, image_url, product_id) VALUES (19554, 'Jacket back view', 'https://example.com/sku09777-back.jpg', 9777);
INSERT INTO product_attributes (attribute_value, product_id, attribute_id) VALUES ('Black', 9777, 1);
INSERT INTO product_attributes (attribute_value, product_id, attribute_id) VALUES ('L', 9777, 2);
INSERT INTO product_attributes (attribute_value, product_id, attribute_id) VALUES ('cotton', 9777, 3);
INSERT INTO stock (product_id, quantity, warehouse_location) VALUES (9777, 94, 'B6');
INSERT INTO products (id, description, name, price, sku, supplier_id, category_id, brand_id) VALUES (9778, 'denim Jeans', 'Denim Jeans', 99.73, 'SKU09778', 7, 3, 4);
INSERT INTO images (id, alt_text, image_url, product_id) VALUES (19555, 'Jeans front view', 'https://example.com/sku09778-front.jpg', 9778);
INSERT INTO images (id, alt_text, image_url, product_id) VALUES (19556, 'Jeans back view', 'https://example.com/sku09778-back.jpg', 9778);
INSERT INTO product_attributes (attribute_value, product_id, attribute_id) VALUES ('White', 9778, 1);
INSERT INTO product_attributes (attribute_value, product_id, attribute_id) VALUES ('S', 9778, 2);
INSERT INTO product_attributes (attribute_value, product_id, attribute_id) VALUES ('linen', 9778, 3);
INSERT INTO stock (product_id, quantity, warehouse_location) VALUES (9778, 166, 'B2');
INSERT INTO products (id, description, name, price, sku, supplier_id, category_id, brand_id) VALUES (9779, 'linen T-Shirt', 'Linen T-Shirt', 72.06, 'SKU09779', 2, 3, 5);
INSERT INTO images (id, alt_text, image_url, product_id) VALUES (19557, 'T-Shirt front view', 'https://example.com/sku09779-front.jpg', 9779);
INSERT INTO images (id, alt_text, image_url, product_id) VALUES (19558, 'T-Shirt back view', 'https://example.com/sku09779-back.jpg', 9779);
INSERT INTO product_attributes (attribute_value, product_id, attribute_id) VALUES ('Blue', 9779, 1);
INSERT INTO product_attributes (attribute_value, product_id, attribute_id) VALUES ('S', 9779, 2);
INSERT INTO product_attributes (attribute_value, product_id, attribute_id) VALUES ('wool', 9779, 3);
INSERT INTO stock (product_id, quantity, warehouse_location) VALUES (9779, 89, 'B8');
INSERT INTO products (id, description, name, price, sku, supplier_id, category_id, brand_id) VALUES (9780, 'linen Jacket', 'Linen Jacket', 51.86, 'SKU09780', 8, 1, 5);
INSERT INTO images (id, alt_text, image_url, product_id) VALUES (19559, 'Jacket front view', 'https://example.com/sku09780-front.jpg', 9780);
INSERT INTO images (id, alt_text, image_url, product_id) VALUES (19560, 'Jacket back view', 'https://example.com/sku09780-back.jpg', 9780);
INSERT INTO product_attributes (attribute_value, product_id, attribute_id) VALUES ('Black', 9780, 1);
INSERT INTO product_attributes (attribute_value, product_id, attribute_id) VALUES ('L', 9780, 2);
INSERT INTO product_attributes (attribute_value, product_id, attribute_id) VALUES ('wool', 9780, 3);
INSERT INTO stock (product_id, quantity, warehouse_location) VALUES (9780, 141, 'C2');
INSERT INTO products (id, description, name, price, sku, supplier_id, category_id, brand_id) VALUES (9781, 'denim Sweater', 'Denim Sweater', 64.65, 'SKU09781', 1, 4, 5);
INSERT INTO images (id, alt_text, image_url, product_id) VALUES (19561, 'Sweater front view', 'https://example.com/sku09781-front.jpg', 9781);
INSERT INTO images (id, alt_text, image_url, product_id) VALUES (19562, 'Sweater back view', 'https://example.com/sku09781-back.jpg', 9781);
INSERT INTO product_attributes (attribute_value, product_id, attribute_id) VALUES ('Black', 9781, 1);
INSERT INTO product_attributes (attribute_value, product_id, attribute_id) VALUES ('S', 9781, 2);
INSERT INTO product_attributes (attribute_value, product_id, attribute_id) VALUES ('wool', 9781, 3);
INSERT INTO stock (product_id, quantity, warehouse_location) VALUES (9781, 193, 'A1');
INSERT INTO products (id, description, name, price, sku, supplier_id, category_id, brand_id) VALUES (9782, 'silk T-Shirt', 'Silk T-Shirt', 13.56, 'SKU09782', 3, 2, 4);
INSERT INTO images (id, alt_text, image_url, product_id) VALUES (19563, 'T-Shirt front view', 'https://example.com/sku09782-front.jpg', 9782);
INSERT INTO images (id, alt_text, image_url, product_id) VALUES (19564, 'T-Shirt back view', 'https://example.com/sku09782-back.jpg', 9782);
INSERT INTO product_attributes (attribute_value, product_id, attribute_id) VALUES ('Green', 9782, 1);
INSERT INTO product_attributes (attribute_value, product_id, attribute_id) VALUES ('L', 9782, 2);
INSERT INTO product_attributes (attribute_value, product_id, attribute_id) VALUES ('linen', 9782, 3);
INSERT INTO stock (product_id, quantity, warehouse_location) VALUES (9782, 76, 'B4');
INSERT INTO products (id, description, name, price, sku, supplier_id, category_id, brand_id) VALUES (9783, 'wool Shirt', 'Wool Shirt', 59.67, 'SKU09783', 10, 2, 3);
INSERT INTO images (id, alt_text, image_url, product_id) VALUES (19565, 'Shirt front view', 'https://example.com/sku09783-front.jpg', 9783);
INSERT INTO images (id, alt_text, image_url, product_id) VALUES (19566, 'Shirt back view', 'https://example.com/sku09783-back.jpg', 9783);
INSERT INTO product_attributes (attribute_value, product_id, attribute_id) VALUES ('Red', 9783, 1);
INSERT INTO product_attributes (attribute_value, product_id, attribute_id) VALUES ('M', 9783, 2);
INSERT INTO product_attributes (attribute_value, product_id, attribute_id) VALUES ('cotton', 9783, 3);
INSERT INTO stock (product_id, quantity, warehouse_location) VALUES (9783, 186, 'B5');
INSERT INTO products (id, description, name, price, sku, supplier_id, category_id, brand_id) VALUES (9784, 'denim Shirt', 'Denim Shirt', 46.42, 'SKU09784', 4, 4, 1);
INSERT INTO images (id, alt_text, image_url, product_id) VALUES (19567, 'Shirt front view', 'https://example.com/sku09784-front.jpg', 9784);
INSERT INTO images (id, alt_text, image_url, product_id) VALUES (19568, 'Shirt back view', 'https://example.com/sku09784-back.jpg', 9784);
INSERT INTO product_attributes (attribute_value, product_id, attribute_id) VALUES ('Red', 9784, 1);
INSERT INTO product_attributes (attribute_value, product_id, attribute_id) VALUES ('XXL', 9784, 2);
INSERT INTO product_attributes (attribute_value, product_id, attribute_id) VALUES ('linen', 9784, 3);
INSERT INTO stock (product_id, quantity, warehouse_location) VALUES (9784, 72, 'C3');
INSERT INTO products (id, description, name, price, sku, supplier_id, category_id, brand_id) VALUES (9785, 'silk Sweater', 'Silk Sweater', 74.93, 'SKU09785', 4, 3, 4);
INSERT INTO images (id, alt_text, image_url, product_id) VALUES (19569, 'Sweater front view', 'https://example.com/sku09785-front.jpg', 9785);
INSERT INTO images (id, alt_text, image_url, product_id) VALUES (19570, 'Sweater back view', 'https://example.com/sku09785-back.jpg', 9785);
INSERT INTO product_attributes (attribute_value, product_id, attribute_id) VALUES ('Blue', 9785, 1);
INSERT INTO product_attributes (attribute_value, product_id, attribute_id) VALUES ('L', 9785, 2);
INSERT INTO product_attributes (attribute_value, product_id, attribute_id) VALUES ('wool', 9785, 3);
INSERT INTO stock (product_id, quantity, warehouse_location) VALUES (9785, 152, 'B9');
INSERT INTO products (id, description, name, price, sku, supplier_id, category_id, brand_id) VALUES (9786, 'wool Shirt', 'Wool Shirt', 85.44, 'SKU09786', 4, 1, 4);
INSERT INTO images (id, alt_text, image_url, product_id) VALUES (19571, 'Shirt front view', 'https://example.com/sku09786-front.jpg', 9786);
INSERT INTO images (id, alt_text, image_url, product_id) VALUES (19572, 'Shirt back view', 'https://example.com/sku09786-back.jpg', 9786);
INSERT INTO product_attributes (attribute_value, product_id, attribute_id) VALUES ('Blue', 9786, 1);
INSERT INTO product_attributes (attribute_value, product_id, attribute_id) VALUES ('S', 9786, 2);
INSERT INTO product_attributes (attribute_value, product_id, attribute_id) VALUES ('denim', 9786, 3);
INSERT INTO stock (product_id, quantity, warehouse_location) VALUES (9786, 39, 'C6');
INSERT INTO products (id, description, name, price, sku, supplier_id, category_id, brand_id) VALUES (9787, 'silk Shirt', 'Silk Shirt', 69.9, 'SKU09787', 4, 2, 4);
INSERT INTO images (id, alt_text, image_url, product_id) VALUES (19573, 'Shirt front view', 'https://example.com/sku09787-front.jpg', 9787);
INSERT INTO images (id, alt_text, image_url, product_id) VALUES (19574, 'Shirt back view', 'https://example.com/sku09787-back.jpg', 9787);
INSERT INTO product_attributes (attribute_value, product_id, attribute_id) VALUES ('White', 9787, 1);
INSERT INTO product_attributes (attribute_value, product_id, attribute_id) VALUES ('XL', 9787, 2);
INSERT INTO product_attributes (attribute_value, product_id, attribute_id) VALUES ('wool', 9787, 3);
INSERT INTO stock (product_id, quantity, warehouse_location) VALUES (9787, 170, 'C1');
INSERT INTO products (id, description, name, price, sku, supplier_id, category_id, brand_id) VALUES (9788, 'wool Shirt', 'Wool Shirt', 10.36, 'SKU09788', 10, 1, 2);
INSERT INTO images (id, alt_text, image_url, product_id) VALUES (19575, 'Shirt front view', 'https://example.com/sku09788-front.jpg', 9788);
INSERT INTO images (id, alt_text, image_url, product_id) VALUES (19576, 'Shirt back view', 'https://example.com/sku09788-back.jpg', 9788);
INSERT INTO product_attributes (attribute_value, product_id, attribute_id) VALUES ('Black', 9788, 1);
INSERT INTO product_attributes (attribute_value, product_id, attribute_id) VALUES ('L', 9788, 2);
INSERT INTO product_attributes (attribute_value, product_id, attribute_id) VALUES ('cotton', 9788, 3);
INSERT INTO stock (product_id, quantity, warehouse_location) VALUES (9788, 190, 'A9');
INSERT INTO products (id, description, name, price, sku, supplier_id, category_id, brand_id) VALUES (9789, 'wool T-Shirt', 'Wool T-Shirt', 20.34, 'SKU09789', 7, 3, 2);
INSERT INTO images (id, alt_text, image_url, product_id) VALUES (19577, 'T-Shirt front view', 'https://example.com/sku09789-front.jpg', 9789);
INSERT INTO images (id, alt_text, image_url, product_id) VALUES (19578, 'T-Shirt back view', 'https://example.com/sku09789-back.jpg', 9789);
INSERT INTO product_attributes (attribute_value, product_id, attribute_id) VALUES ('Green', 9789, 1);
INSERT INTO product_attributes (attribute_value, product_id, attribute_id) VALUES ('XXL', 9789, 2);
INSERT INTO product_attributes (attribute_value, product_id, attribute_id) VALUES ('wool', 9789, 3);
INSERT INTO stock (product_id, quantity, warehouse_location) VALUES (9789, 168, 'A3');
INSERT INTO products (id, description, name, price, sku, supplier_id, category_id, brand_id) VALUES (9790, 'silk T-Shirt', 'Silk T-Shirt', 78.02, 'SKU09790', 9, 4, 1);
INSERT INTO images (id, alt_text, image_url, product_id) VALUES (19579, 'T-Shirt front view', 'https://example.com/sku09790-front.jpg', 9790);
INSERT INTO images (id, alt_text, image_url, product_id) VALUES (19580, 'T-Shirt back view', 'https://example.com/sku09790-back.jpg', 9790);
INSERT INTO product_attributes (attribute_value, product_id, attribute_id) VALUES ('White', 9790, 1);
INSERT INTO product_attributes (attribute_value, product_id, attribute_id) VALUES ('M', 9790, 2);
INSERT INTO product_attributes (attribute_value, product_id, attribute_id) VALUES ('denim', 9790, 3);
INSERT INTO stock (product_id, quantity, warehouse_location) VALUES (9790, 33, 'C5');
INSERT INTO products (id, description, name, price, sku, supplier_id, category_id, brand_id) VALUES (9791, 'silk T-Shirt', 'Silk T-Shirt', 20.79, 'SKU09791', 8, 4, 3);
INSERT INTO images (id, alt_text, image_url, product_id) VALUES (19581, 'T-Shirt front view', 'https://example.com/sku09791-front.jpg', 9791);
INSERT INTO images (id, alt_text, image_url, product_id) VALUES (19582, 'T-Shirt back view', 'https://example.com/sku09791-back.jpg', 9791);
INSERT INTO product_attributes (attribute_value, product_id, attribute_id) VALUES ('Red', 9791, 1);
INSERT INTO product_attributes (attribute_value, product_id, attribute_id) VALUES ('S', 9791, 2);
INSERT INTO product_attributes (attribute_value, product_id, attribute_id) VALUES ('linen', 9791, 3);
INSERT INTO stock (product_id, quantity, warehouse_location) VALUES (9791, 65, 'C1');
INSERT INTO products (id, description, name, price, sku, supplier_id, category_id, brand_id) VALUES (9792, 'cotton Jeans', 'Cotton Jeans', 67.79, 'SKU09792', 9, 4, 4);
INSERT INTO images (id, alt_text, image_url, product_id) VALUES (19583, 'Jeans front view', 'https://example.com/sku09792-front.jpg', 9792);
INSERT INTO images (id, alt_text, image_url, product_id) VALUES (19584, 'Jeans back view', 'https://example.com/sku09792-back.jpg', 9792);
INSERT INTO product_attributes (attribute_value, product_id, attribute_id) VALUES ('Red', 9792, 1);
INSERT INTO product_attributes (attribute_value, product_id, attribute_id) VALUES ('M', 9792, 2);
INSERT INTO product_attributes (attribute_value, product_id, attribute_id) VALUES ('denim', 9792, 3);
INSERT INTO stock (product_id, quantity, warehouse_location) VALUES (9792, 68, 'B4');
INSERT INTO products (id, description, name, price, sku, supplier_id, category_id, brand_id) VALUES (9793, 'silk Jeans', 'Silk Jeans', 13.13, 'SKU09793', 1, 4, 3);
INSERT INTO images (id, alt_text, image_url, product_id) VALUES (19585, 'Jeans front view', 'https://example.com/sku09793-front.jpg', 9793);
INSERT INTO images (id, alt_text, image_url, product_id) VALUES (19586, 'Jeans back view', 'https://example.com/sku09793-back.jpg', 9793);
INSERT INTO product_attributes (attribute_value, product_id, attribute_id) VALUES ('Green', 9793, 1);
INSERT INTO product_attributes (attribute_value, product_id, attribute_id) VALUES ('S', 9793, 2);
INSERT INTO product_attributes (attribute_value, product_id, attribute_id) VALUES ('cotton', 9793, 3);
INSERT INTO stock (product_id, quantity, warehouse_location) VALUES (9793, 51, 'C6');
INSERT INTO products (id, description, name, price, sku, supplier_id, category_id, brand_id) VALUES (9794, 'cotton Jacket', 'Cotton Jacket', 73.5, 'SKU09794', 2, 4, 5);
INSERT INTO images (id, alt_text, image_url, product_id) VALUES (19587, 'Jacket front view', 'https://example.com/sku09794-front.jpg', 9794);
INSERT INTO images (id, alt_text, image_url, product_id) VALUES (19588, 'Jacket back view', 'https://example.com/sku09794-back.jpg', 9794);
INSERT INTO product_attributes (attribute_value, product_id, attribute_id) VALUES ('Green', 9794, 1);
INSERT INTO product_attributes (attribute_value, product_id, attribute_id) VALUES ('L', 9794, 2);
INSERT INTO product_attributes (attribute_value, product_id, attribute_id) VALUES ('denim', 9794, 3);
INSERT INTO stock (product_id, quantity, warehouse_location) VALUES (9794, 169, 'B6');
INSERT INTO products (id, description, name, price, sku, supplier_id, category_id, brand_id) VALUES (9795, 'linen T-Shirt', 'Linen T-Shirt', 64.56, 'SKU09795', 9, 1, 3);
INSERT INTO images (id, alt_text, image_url, product_id) VALUES (19589, 'T-Shirt front view', 'https://example.com/sku09795-front.jpg', 9795);
INSERT INTO images (id, alt_text, image_url, product_id) VALUES (19590, 'T-Shirt back view', 'https://example.com/sku09795-back.jpg', 9795);
INSERT INTO product_attributes (attribute_value, product_id, attribute_id) VALUES ('White', 9795, 1);
INSERT INTO product_attributes (attribute_value, product_id, attribute_id) VALUES ('XL', 9795, 2);
INSERT INTO product_attributes (attribute_value, product_id, attribute_id) VALUES ('denim', 9795, 3);
INSERT INTO stock (product_id, quantity, warehouse_location) VALUES (9795, 4, 'A2');
INSERT INTO products (id, description, name, price, sku, supplier_id, category_id, brand_id) VALUES (9796, 'silk T-Shirt', 'Silk T-Shirt', 40.9, 'SKU09796', 6, 2, 2);
INSERT INTO images (id, alt_text, image_url, product_id) VALUES (19591, 'T-Shirt front view', 'https://example.com/sku09796-front.jpg', 9796);
INSERT INTO images (id, alt_text, image_url, product_id) VALUES (19592, 'T-Shirt back view', 'https://example.com/sku09796-back.jpg', 9796);
INSERT INTO product_attributes (attribute_value, product_id, attribute_id) VALUES ('Green', 9796, 1);
INSERT INTO product_attributes (attribute_value, product_id, attribute_id) VALUES ('L', 9796, 2);
INSERT INTO product_attributes (attribute_value, product_id, attribute_id) VALUES ('wool', 9796, 3);
INSERT INTO stock (product_id, quantity, warehouse_location) VALUES (9796, 164, 'B8');
INSERT INTO products (id, description, name, price, sku, supplier_id, category_id, brand_id) VALUES (9797, 'silk T-Shirt', 'Silk T-Shirt', 46.79, 'SKU09797', 3, 1, 4);
INSERT INTO images (id, alt_text, image_url, product_id) VALUES (19593, 'T-Shirt front view', 'https://example.com/sku09797-front.jpg', 9797);
INSERT INTO images (id, alt_text, image_url, product_id) VALUES (19594, 'T-Shirt back view', 'https://example.com/sku09797-back.jpg', 9797);
INSERT INTO product_attributes (attribute_value, product_id, attribute_id) VALUES ('Blue', 9797, 1);
INSERT INTO product_attributes (attribute_value, product_id, attribute_id) VALUES ('S', 9797, 2);
INSERT INTO product_attributes (attribute_value, product_id, attribute_id) VALUES ('silk', 9797, 3);
INSERT INTO stock (product_id, quantity, warehouse_location) VALUES (9797, 25, 'C4');
INSERT INTO products (id, description, name, price, sku, supplier_id, category_id, brand_id) VALUES (9798, 'silk Jeans', 'Silk Jeans', 84.62, 'SKU09798', 4, 2, 2);
INSERT INTO images (id, alt_text, image_url, product_id) VALUES (19595, 'Jeans front view', 'https://example.com/sku09798-front.jpg', 9798);
INSERT INTO images (id, alt_text, image_url, product_id) VALUES (19596, 'Jeans back view', 'https://example.com/sku09798-back.jpg', 9798);
INSERT INTO product_attributes (attribute_value, product_id, attribute_id) VALUES ('White', 9798, 1);
INSERT INTO product_attributes (attribute_value, product_id, attribute_id) VALUES ('M', 9798, 2);
INSERT INTO product_attributes (attribute_value, product_id, attribute_id) VALUES ('cotton', 9798, 3);
INSERT INTO stock (product_id, quantity, warehouse_location) VALUES (9798, 78, 'A8');
INSERT INTO products (id, description, name, price, sku, supplier_id, category_id, brand_id) VALUES (9799, 'silk Sweater', 'Silk Sweater', 43.34, 'SKU09799', 2, 3, 2);
INSERT INTO images (id, alt_text, image_url, product_id) VALUES (19597, 'Sweater front view', 'https://example.com/sku09799-front.jpg', 9799);
INSERT INTO images (id, alt_text, image_url, product_id) VALUES (19598, 'Sweater back view', 'https://example.com/sku09799-back.jpg', 9799);
INSERT INTO product_attributes (attribute_value, product_id, attribute_id) VALUES ('Blue', 9799, 1);
INSERT INTO product_attributes (attribute_value, product_id, attribute_id) VALUES ('S', 9799, 2);
INSERT INTO product_attributes (attribute_value, product_id, attribute_id) VALUES ('denim', 9799, 3);
INSERT INTO stock (product_id, quantity, warehouse_location) VALUES (9799, 41, 'C7');
INSERT INTO products (id, description, name, price, sku, supplier_id, category_id, brand_id) VALUES (9800, 'wool Jeans', 'Wool Jeans', 70.86, 'SKU09800', 7, 1, 5);
INSERT INTO images (id, alt_text, image_url, product_id) VALUES (19599, 'Jeans front view', 'https://example.com/sku09800-front.jpg', 9800);
INSERT INTO images (id, alt_text, image_url, product_id) VALUES (19600, 'Jeans back view', 'https://example.com/sku09800-back.jpg', 9800);
INSERT INTO product_attributes (attribute_value, product_id, attribute_id) VALUES ('Red', 9800, 1);
INSERT INTO product_attributes (attribute_value, product_id, attribute_id) VALUES ('M', 9800, 2);
INSERT INTO product_attributes (attribute_value, product_id, attribute_id) VALUES ('linen', 9800, 3);
INSERT INTO stock (product_id, quantity, warehouse_location) VALUES (9800, 24, 'A7');
INSERT INTO products (id, description, name, price, sku, supplier_id, category_id, brand_id) VALUES (9801, 'cotton T-Shirt', 'Cotton T-Shirt', 20.55, 'SKU09801', 5, 1, 1);
INSERT INTO images (id, alt_text, image_url, product_id) VALUES (19601, 'T-Shirt front view', 'https://example.com/sku09801-front.jpg', 9801);
INSERT INTO images (id, alt_text, image_url, product_id) VALUES (19602, 'T-Shirt back view', 'https://example.com/sku09801-back.jpg', 9801);
INSERT INTO product_attributes (attribute_value, product_id, attribute_id) VALUES ('White', 9801, 1);
INSERT INTO product_attributes (attribute_value, product_id, attribute_id) VALUES ('L', 9801, 2);
INSERT INTO product_attributes (attribute_value, product_id, attribute_id) VALUES ('denim', 9801, 3);
INSERT INTO stock (product_id, quantity, warehouse_location) VALUES (9801, 158, 'C6');
INSERT INTO products (id, description, name, price, sku, supplier_id, category_id, brand_id) VALUES (9802, 'denim Sweater', 'Denim Sweater', 35.52, 'SKU09802', 1, 4, 4);
INSERT INTO images (id, alt_text, image_url, product_id) VALUES (19603, 'Sweater front view', 'https://example.com/sku09802-front.jpg', 9802);
INSERT INTO images (id, alt_text, image_url, product_id) VALUES (19604, 'Sweater back view', 'https://example.com/sku09802-back.jpg', 9802);
INSERT INTO product_attributes (attribute_value, product_id, attribute_id) VALUES ('Black', 9802, 1);
INSERT INTO product_attributes (attribute_value, product_id, attribute_id) VALUES ('XL', 9802, 2);
INSERT INTO product_attributes (attribute_value, product_id, attribute_id) VALUES ('linen', 9802, 3);
INSERT INTO stock (product_id, quantity, warehouse_location) VALUES (9802, 166, 'A10');
INSERT INTO products (id, description, name, price, sku, supplier_id, category_id, brand_id) VALUES (9803, 'cotton T-Shirt', 'Cotton T-Shirt', 15.48, 'SKU09803', 3, 4, 3);
INSERT INTO images (id, alt_text, image_url, product_id) VALUES (19605, 'T-Shirt front view', 'https://example.com/sku09803-front.jpg', 9803);
INSERT INTO images (id, alt_text, image_url, product_id) VALUES (19606, 'T-Shirt back view', 'https://example.com/sku09803-back.jpg', 9803);
INSERT INTO product_attributes (attribute_value, product_id, attribute_id) VALUES ('Blue', 9803, 1);
INSERT INTO product_attributes (attribute_value, product_id, attribute_id) VALUES ('M', 9803, 2);
INSERT INTO product_attributes (attribute_value, product_id, attribute_id) VALUES ('cotton', 9803, 3);
INSERT INTO stock (product_id, quantity, warehouse_location) VALUES (9803, 161, 'A4');
INSERT INTO products (id, description, name, price, sku, supplier_id, category_id, brand_id) VALUES (9804, 'wool Shirt', 'Wool Shirt', 82.9, 'SKU09804', 4, 4, 5);
INSERT INTO images (id, alt_text, image_url, product_id) VALUES (19607, 'Shirt front view', 'https://example.com/sku09804-front.jpg', 9804);
INSERT INTO images (id, alt_text, image_url, product_id) VALUES (19608, 'Shirt back view', 'https://example.com/sku09804-back.jpg', 9804);
INSERT INTO product_attributes (attribute_value, product_id, attribute_id) VALUES ('White', 9804, 1);
INSERT INTO product_attributes (attribute_value, product_id, attribute_id) VALUES ('M', 9804, 2);
INSERT INTO product_attributes (attribute_value, product_id, attribute_id) VALUES ('cotton', 9804, 3);
INSERT INTO stock (product_id, quantity, warehouse_location) VALUES (9804, 73, 'A10');
INSERT INTO products (id, description, name, price, sku, supplier_id, category_id, brand_id) VALUES (9805, 'wool Sweater', 'Wool Sweater', 33.98, 'SKU09805', 5, 1, 3);
INSERT INTO images (id, alt_text, image_url, product_id) VALUES (19609, 'Sweater front view', 'https://example.com/sku09805-front.jpg', 9805);
INSERT INTO images (id, alt_text, image_url, product_id) VALUES (19610, 'Sweater back view', 'https://example.com/sku09805-back.jpg', 9805);
INSERT INTO product_attributes (attribute_value, product_id, attribute_id) VALUES ('Black', 9805, 1);
INSERT INTO product_attributes (attribute_value, product_id, attribute_id) VALUES ('XXL', 9805, 2);
INSERT INTO product_attributes (attribute_value, product_id, attribute_id) VALUES ('denim', 9805, 3);
INSERT INTO stock (product_id, quantity, warehouse_location) VALUES (9805, 9, 'A7');
INSERT INTO products (id, description, name, price, sku, supplier_id, category_id, brand_id) VALUES (9806, 'cotton Jacket', 'Cotton Jacket', 18.96, 'SKU09806', 10, 2, 4);
INSERT INTO images (id, alt_text, image_url, product_id) VALUES (19611, 'Jacket front view', 'https://example.com/sku09806-front.jpg', 9806);
INSERT INTO images (id, alt_text, image_url, product_id) VALUES (19612, 'Jacket back view', 'https://example.com/sku09806-back.jpg', 9806);
INSERT INTO product_attributes (attribute_value, product_id, attribute_id) VALUES ('White', 9806, 1);
INSERT INTO product_attributes (attribute_value, product_id, attribute_id) VALUES ('M', 9806, 2);
INSERT INTO product_attributes (attribute_value, product_id, attribute_id) VALUES ('silk', 9806, 3);
INSERT INTO stock (product_id, quantity, warehouse_location) VALUES (9806, 88, 'B6');
INSERT INTO products (id, description, name, price, sku, supplier_id, category_id, brand_id) VALUES (9807, 'silk Jeans', 'Silk Jeans', 72.68, 'SKU09807', 2, 3, 2);
INSERT INTO images (id, alt_text, image_url, product_id) VALUES (19613, 'Jeans front view', 'https://example.com/sku09807-front.jpg', 9807);
INSERT INTO images (id, alt_text, image_url, product_id) VALUES (19614, 'Jeans back view', 'https://example.com/sku09807-back.jpg', 9807);
INSERT INTO product_attributes (attribute_value, product_id, attribute_id) VALUES ('Black', 9807, 1);
INSERT INTO product_attributes (attribute_value, product_id, attribute_id) VALUES ('M', 9807, 2);
INSERT INTO product_attributes (attribute_value, product_id, attribute_id) VALUES ('wool', 9807, 3);
INSERT INTO stock (product_id, quantity, warehouse_location) VALUES (9807, 35, 'A8');
INSERT INTO products (id, description, name, price, sku, supplier_id, category_id, brand_id) VALUES (9808, 'wool Jeans', 'Wool Jeans', 75.56, 'SKU09808', 4, 1, 3);
INSERT INTO images (id, alt_text, image_url, product_id) VALUES (19615, 'Jeans front view', 'https://example.com/sku09808-front.jpg', 9808);
INSERT INTO images (id, alt_text, image_url, product_id) VALUES (19616, 'Jeans back view', 'https://example.com/sku09808-back.jpg', 9808);
INSERT INTO product_attributes (attribute_value, product_id, attribute_id) VALUES ('Green', 9808, 1);
INSERT INTO product_attributes (attribute_value, product_id, attribute_id) VALUES ('M', 9808, 2);
INSERT INTO product_attributes (attribute_value, product_id, attribute_id) VALUES ('cotton', 9808, 3);
INSERT INTO stock (product_id, quantity, warehouse_location) VALUES (9808, 119, 'A7');
INSERT INTO products (id, description, name, price, sku, supplier_id, category_id, brand_id) VALUES (9809, 'cotton Jacket', 'Cotton Jacket', 83.73, 'SKU09809', 6, 2, 3);
INSERT INTO images (id, alt_text, image_url, product_id) VALUES (19617, 'Jacket front view', 'https://example.com/sku09809-front.jpg', 9809);
INSERT INTO images (id, alt_text, image_url, product_id) VALUES (19618, 'Jacket back view', 'https://example.com/sku09809-back.jpg', 9809);
INSERT INTO product_attributes (attribute_value, product_id, attribute_id) VALUES ('Green', 9809, 1);
INSERT INTO product_attributes (attribute_value, product_id, attribute_id) VALUES ('XXL', 9809, 2);
INSERT INTO product_attributes (attribute_value, product_id, attribute_id) VALUES ('linen', 9809, 3);
INSERT INTO stock (product_id, quantity, warehouse_location) VALUES (9809, 86, 'C1');
INSERT INTO products (id, description, name, price, sku, supplier_id, category_id, brand_id) VALUES (9810, 'silk T-Shirt', 'Silk T-Shirt', 64.53, 'SKU09810', 1, 2, 3);
INSERT INTO images (id, alt_text, image_url, product_id) VALUES (19619, 'T-Shirt front view', 'https://example.com/sku09810-front.jpg', 9810);
INSERT INTO images (id, alt_text, image_url, product_id) VALUES (19620, 'T-Shirt back view', 'https://example.com/sku09810-back.jpg', 9810);
INSERT INTO product_attributes (attribute_value, product_id, attribute_id) VALUES ('Red', 9810, 1);
INSERT INTO product_attributes (attribute_value, product_id, attribute_id) VALUES ('M', 9810, 2);
INSERT INTO product_attributes (attribute_value, product_id, attribute_id) VALUES ('wool', 9810, 3);
INSERT INTO stock (product_id, quantity, warehouse_location) VALUES (9810, 177, 'A5');
INSERT INTO products (id, description, name, price, sku, supplier_id, category_id, brand_id) VALUES (9811, 'silk Shirt', 'Silk Shirt', 14.39, 'SKU09811', 3, 2, 2);
INSERT INTO images (id, alt_text, image_url, product_id) VALUES (19621, 'Shirt front view', 'https://example.com/sku09811-front.jpg', 9811);
INSERT INTO images (id, alt_text, image_url, product_id) VALUES (19622, 'Shirt back view', 'https://example.com/sku09811-back.jpg', 9811);
INSERT INTO product_attributes (attribute_value, product_id, attribute_id) VALUES ('Red', 9811, 1);
INSERT INTO product_attributes (attribute_value, product_id, attribute_id) VALUES ('L', 9811, 2);
INSERT INTO product_attributes (attribute_value, product_id, attribute_id) VALUES ('denim', 9811, 3);
INSERT INTO stock (product_id, quantity, warehouse_location) VALUES (9811, 86, 'C6');
INSERT INTO products (id, description, name, price, sku, supplier_id, category_id, brand_id) VALUES (9812, 'wool Sweater', 'Wool Sweater', 50.82, 'SKU09812', 5, 4, 3);
INSERT INTO images (id, alt_text, image_url, product_id) VALUES (19623, 'Sweater front view', 'https://example.com/sku09812-front.jpg', 9812);
INSERT INTO images (id, alt_text, image_url, product_id) VALUES (19624, 'Sweater back view', 'https://example.com/sku09812-back.jpg', 9812);
INSERT INTO product_attributes (attribute_value, product_id, attribute_id) VALUES ('Green', 9812, 1);
INSERT INTO product_attributes (attribute_value, product_id, attribute_id) VALUES ('M', 9812, 2);
INSERT INTO product_attributes (attribute_value, product_id, attribute_id) VALUES ('cotton', 9812, 3);
INSERT INTO stock (product_id, quantity, warehouse_location) VALUES (9812, 74, 'C1');
INSERT INTO products (id, description, name, price, sku, supplier_id, category_id, brand_id) VALUES (9813, 'silk T-Shirt', 'Silk T-Shirt', 55.3, 'SKU09813', 3, 3, 2);
INSERT INTO images (id, alt_text, image_url, product_id) VALUES (19625, 'T-Shirt front view', 'https://example.com/sku09813-front.jpg', 9813);
INSERT INTO images (id, alt_text, image_url, product_id) VALUES (19626, 'T-Shirt back view', 'https://example.com/sku09813-back.jpg', 9813);
INSERT INTO product_attributes (attribute_value, product_id, attribute_id) VALUES ('Black', 9813, 1);
INSERT INTO product_attributes (attribute_value, product_id, attribute_id) VALUES ('M', 9813, 2);
INSERT INTO product_attributes (attribute_value, product_id, attribute_id) VALUES ('denim', 9813, 3);
INSERT INTO stock (product_id, quantity, warehouse_location) VALUES (9813, 6, 'A10');
INSERT INTO products (id, description, name, price, sku, supplier_id, category_id, brand_id) VALUES (9814, 'denim Shirt', 'Denim Shirt', 82.58, 'SKU09814', 10, 1, 3);
INSERT INTO images (id, alt_text, image_url, product_id) VALUES (19627, 'Shirt front view', 'https://example.com/sku09814-front.jpg', 9814);
INSERT INTO images (id, alt_text, image_url, product_id) VALUES (19628, 'Shirt back view', 'https://example.com/sku09814-back.jpg', 9814);
INSERT INTO product_attributes (attribute_value, product_id, attribute_id) VALUES ('Black', 9814, 1);
INSERT INTO product_attributes (attribute_value, product_id, attribute_id) VALUES ('L', 9814, 2);
INSERT INTO product_attributes (attribute_value, product_id, attribute_id) VALUES ('silk', 9814, 3);
INSERT INTO stock (product_id, quantity, warehouse_location) VALUES (9814, 65, 'A8');
INSERT INTO products (id, description, name, price, sku, supplier_id, category_id, brand_id) VALUES (9815, 'silk Jeans', 'Silk Jeans', 99.33, 'SKU09815', 9, 3, 5);
INSERT INTO images (id, alt_text, image_url, product_id) VALUES (19629, 'Jeans front view', 'https://example.com/sku09815-front.jpg', 9815);
INSERT INTO images (id, alt_text, image_url, product_id) VALUES (19630, 'Jeans back view', 'https://example.com/sku09815-back.jpg', 9815);
INSERT INTO product_attributes (attribute_value, product_id, attribute_id) VALUES ('Black', 9815, 1);
INSERT INTO product_attributes (attribute_value, product_id, attribute_id) VALUES ('XL', 9815, 2);
INSERT INTO product_attributes (attribute_value, product_id, attribute_id) VALUES ('denim', 9815, 3);
INSERT INTO stock (product_id, quantity, warehouse_location) VALUES (9815, 143, 'A7');
INSERT INTO products (id, description, name, price, sku, supplier_id, category_id, brand_id) VALUES (9816, 'silk Jeans', 'Silk Jeans', 88.65, 'SKU09816', 8, 1, 5);
INSERT INTO images (id, alt_text, image_url, product_id) VALUES (19631, 'Jeans front view', 'https://example.com/sku09816-front.jpg', 9816);
INSERT INTO images (id, alt_text, image_url, product_id) VALUES (19632, 'Jeans back view', 'https://example.com/sku09816-back.jpg', 9816);
INSERT INTO product_attributes (attribute_value, product_id, attribute_id) VALUES ('Black', 9816, 1);
INSERT INTO product_attributes (attribute_value, product_id, attribute_id) VALUES ('L', 9816, 2);
INSERT INTO product_attributes (attribute_value, product_id, attribute_id) VALUES ('denim', 9816, 3);
INSERT INTO stock (product_id, quantity, warehouse_location) VALUES (9816, 97, 'C2');
INSERT INTO products (id, description, name, price, sku, supplier_id, category_id, brand_id) VALUES (9817, 'wool T-Shirt', 'Wool T-Shirt', 33.25, 'SKU09817', 8, 2, 2);
INSERT INTO images (id, alt_text, image_url, product_id) VALUES (19633, 'T-Shirt front view', 'https://example.com/sku09817-front.jpg', 9817);
INSERT INTO images (id, alt_text, image_url, product_id) VALUES (19634, 'T-Shirt back view', 'https://example.com/sku09817-back.jpg', 9817);
INSERT INTO product_attributes (attribute_value, product_id, attribute_id) VALUES ('Red', 9817, 1);
INSERT INTO product_attributes (attribute_value, product_id, attribute_id) VALUES ('M', 9817, 2);
INSERT INTO product_attributes (attribute_value, product_id, attribute_id) VALUES ('cotton', 9817, 3);
INSERT INTO stock (product_id, quantity, warehouse_location) VALUES (9817, 85, 'A8');
INSERT INTO products (id, description, name, price, sku, supplier_id, category_id, brand_id) VALUES (9818, 'silk T-Shirt', 'Silk T-Shirt', 53.3, 'SKU09818', 5, 1, 5);
INSERT INTO images (id, alt_text, image_url, product_id) VALUES (19635, 'T-Shirt front view', 'https://example.com/sku09818-front.jpg', 9818);
INSERT INTO images (id, alt_text, image_url, product_id) VALUES (19636, 'T-Shirt back view', 'https://example.com/sku09818-back.jpg', 9818);
INSERT INTO product_attributes (attribute_value, product_id, attribute_id) VALUES ('Black', 9818, 1);
INSERT INTO product_attributes (attribute_value, product_id, attribute_id) VALUES ('S', 9818, 2);
INSERT INTO product_attributes (attribute_value, product_id, attribute_id) VALUES ('cotton', 9818, 3);
INSERT INTO stock (product_id, quantity, warehouse_location) VALUES (9818, 92, 'B4');
INSERT INTO products (id, description, name, price, sku, supplier_id, category_id, brand_id) VALUES (9819, 'denim T-Shirt', 'Denim T-Shirt', 92.23, 'SKU09819', 5, 4, 2);
INSERT INTO images (id, alt_text, image_url, product_id) VALUES (19637, 'T-Shirt front view', 'https://example.com/sku09819-front.jpg', 9819);
INSERT INTO images (id, alt_text, image_url, product_id) VALUES (19638, 'T-Shirt back view', 'https://example.com/sku09819-back.jpg', 9819);
INSERT INTO product_attributes (attribute_value, product_id, attribute_id) VALUES ('Black', 9819, 1);
INSERT INTO product_attributes (attribute_value, product_id, attribute_id) VALUES ('M', 9819, 2);
INSERT INTO product_attributes (attribute_value, product_id, attribute_id) VALUES ('wool', 9819, 3);
INSERT INTO stock (product_id, quantity, warehouse_location) VALUES (9819, 102, 'A5');
INSERT INTO products (id, description, name, price, sku, supplier_id, category_id, brand_id) VALUES (9820, 'denim Jeans', 'Denim Jeans', 55.27, 'SKU09820', 10, 4, 5);
INSERT INTO images (id, alt_text, image_url, product_id) VALUES (19639, 'Jeans front view', 'https://example.com/sku09820-front.jpg', 9820);
INSERT INTO images (id, alt_text, image_url, product_id) VALUES (19640, 'Jeans back view', 'https://example.com/sku09820-back.jpg', 9820);
INSERT INTO product_attributes (attribute_value, product_id, attribute_id) VALUES ('Black', 9820, 1);
INSERT INTO product_attributes (attribute_value, product_id, attribute_id) VALUES ('L', 9820, 2);
INSERT INTO product_attributes (attribute_value, product_id, attribute_id) VALUES ('linen', 9820, 3);
INSERT INTO stock (product_id, quantity, warehouse_location) VALUES (9820, 33, 'B1');
INSERT INTO products (id, description, name, price, sku, supplier_id, category_id, brand_id) VALUES (9821, 'cotton Shirt', 'Cotton Shirt', 13.18, 'SKU09821', 5, 4, 2);
INSERT INTO images (id, alt_text, image_url, product_id) VALUES (19641, 'Shirt front view', 'https://example.com/sku09821-front.jpg', 9821);
INSERT INTO images (id, alt_text, image_url, product_id) VALUES (19642, 'Shirt back view', 'https://example.com/sku09821-back.jpg', 9821);
INSERT INTO product_attributes (attribute_value, product_id, attribute_id) VALUES ('Black', 9821, 1);
INSERT INTO product_attributes (attribute_value, product_id, attribute_id) VALUES ('M', 9821, 2);
INSERT INTO product_attributes (attribute_value, product_id, attribute_id) VALUES ('denim', 9821, 3);
INSERT INTO stock (product_id, quantity, warehouse_location) VALUES (9821, 31, 'A1');
INSERT INTO products (id, description, name, price, sku, supplier_id, category_id, brand_id) VALUES (9822, 'silk Jacket', 'Silk Jacket', 27.86, 'SKU09822', 9, 1, 4);
INSERT INTO images (id, alt_text, image_url, product_id) VALUES (19643, 'Jacket front view', 'https://example.com/sku09822-front.jpg', 9822);
INSERT INTO images (id, alt_text, image_url, product_id) VALUES (19644, 'Jacket back view', 'https://example.com/sku09822-back.jpg', 9822);
INSERT INTO product_attributes (attribute_value, product_id, attribute_id) VALUES ('Red', 9822, 1);
INSERT INTO product_attributes (attribute_value, product_id, attribute_id) VALUES ('L', 9822, 2);
INSERT INTO product_attributes (attribute_value, product_id, attribute_id) VALUES ('silk', 9822, 3);
INSERT INTO stock (product_id, quantity, warehouse_location) VALUES (9822, 121, 'B7');
INSERT INTO products (id, description, name, price, sku, supplier_id, category_id, brand_id) VALUES (9823, 'denim Jacket', 'Denim Jacket', 62.53, 'SKU09823', 6, 4, 4);
INSERT INTO images (id, alt_text, image_url, product_id) VALUES (19645, 'Jacket front view', 'https://example.com/sku09823-front.jpg', 9823);
INSERT INTO images (id, alt_text, image_url, product_id) VALUES (19646, 'Jacket back view', 'https://example.com/sku09823-back.jpg', 9823);
INSERT INTO product_attributes (attribute_value, product_id, attribute_id) VALUES ('Green', 9823, 1);
INSERT INTO product_attributes (attribute_value, product_id, attribute_id) VALUES ('M', 9823, 2);
INSERT INTO product_attributes (attribute_value, product_id, attribute_id) VALUES ('denim', 9823, 3);
INSERT INTO stock (product_id, quantity, warehouse_location) VALUES (9823, 198, 'C9');
INSERT INTO products (id, description, name, price, sku, supplier_id, category_id, brand_id) VALUES (9824, 'denim Jacket', 'Denim Jacket', 47.4, 'SKU09824', 8, 1, 3);
INSERT INTO images (id, alt_text, image_url, product_id) VALUES (19647, 'Jacket front view', 'https://example.com/sku09824-front.jpg', 9824);
INSERT INTO images (id, alt_text, image_url, product_id) VALUES (19648, 'Jacket back view', 'https://example.com/sku09824-back.jpg', 9824);
INSERT INTO product_attributes (attribute_value, product_id, attribute_id) VALUES ('White', 9824, 1);
INSERT INTO product_attributes (attribute_value, product_id, attribute_id) VALUES ('S', 9824, 2);
INSERT INTO product_attributes (attribute_value, product_id, attribute_id) VALUES ('denim', 9824, 3);
INSERT INTO stock (product_id, quantity, warehouse_location) VALUES (9824, 141, 'A5');
INSERT INTO products (id, description, name, price, sku, supplier_id, category_id, brand_id) VALUES (9825, 'linen Jeans', 'Linen Jeans', 20.04, 'SKU09825', 8, 2, 5);
INSERT INTO images (id, alt_text, image_url, product_id) VALUES (19649, 'Jeans front view', 'https://example.com/sku09825-front.jpg', 9825);
INSERT INTO images (id, alt_text, image_url, product_id) VALUES (19650, 'Jeans back view', 'https://example.com/sku09825-back.jpg', 9825);
INSERT INTO product_attributes (attribute_value, product_id, attribute_id) VALUES ('Red', 9825, 1);
INSERT INTO product_attributes (attribute_value, product_id, attribute_id) VALUES ('XXL', 9825, 2);
INSERT INTO product_attributes (attribute_value, product_id, attribute_id) VALUES ('linen', 9825, 3);
INSERT INTO stock (product_id, quantity, warehouse_location) VALUES (9825, 136, 'A8');
INSERT INTO products (id, description, name, price, sku, supplier_id, category_id, brand_id) VALUES (9826, 'denim Jeans', 'Denim Jeans', 61.02, 'SKU09826', 6, 2, 1);
INSERT INTO images (id, alt_text, image_url, product_id) VALUES (19651, 'Jeans front view', 'https://example.com/sku09826-front.jpg', 9826);
INSERT INTO images (id, alt_text, image_url, product_id) VALUES (19652, 'Jeans back view', 'https://example.com/sku09826-back.jpg', 9826);
INSERT INTO product_attributes (attribute_value, product_id, attribute_id) VALUES ('Green', 9826, 1);
INSERT INTO product_attributes (attribute_value, product_id, attribute_id) VALUES ('S', 9826, 2);
INSERT INTO product_attributes (attribute_value, product_id, attribute_id) VALUES ('cotton', 9826, 3);
INSERT INTO stock (product_id, quantity, warehouse_location) VALUES (9826, 71, 'B8');
INSERT INTO products (id, description, name, price, sku, supplier_id, category_id, brand_id) VALUES (9827, 'cotton T-Shirt', 'Cotton T-Shirt', 44.53, 'SKU09827', 2, 4, 2);
INSERT INTO images (id, alt_text, image_url, product_id) VALUES (19653, 'T-Shirt front view', 'https://example.com/sku09827-front.jpg', 9827);
INSERT INTO images (id, alt_text, image_url, product_id) VALUES (19654, 'T-Shirt back view', 'https://example.com/sku09827-back.jpg', 9827);
INSERT INTO product_attributes (attribute_value, product_id, attribute_id) VALUES ('Red', 9827, 1);
INSERT INTO product_attributes (attribute_value, product_id, attribute_id) VALUES ('S', 9827, 2);
INSERT INTO product_attributes (attribute_value, product_id, attribute_id) VALUES ('silk', 9827, 3);
INSERT INTO stock (product_id, quantity, warehouse_location) VALUES (9827, 56, 'A3');
INSERT INTO products (id, description, name, price, sku, supplier_id, category_id, brand_id) VALUES (9828, 'cotton Shirt', 'Cotton Shirt', 78.86, 'SKU09828', 8, 3, 3);
INSERT INTO images (id, alt_text, image_url, product_id) VALUES (19655, 'Shirt front view', 'https://example.com/sku09828-front.jpg', 9828);
INSERT INTO images (id, alt_text, image_url, product_id) VALUES (19656, 'Shirt back view', 'https://example.com/sku09828-back.jpg', 9828);
INSERT INTO product_attributes (attribute_value, product_id, attribute_id) VALUES ('White', 9828, 1);
INSERT INTO product_attributes (attribute_value, product_id, attribute_id) VALUES ('M', 9828, 2);
INSERT INTO product_attributes (attribute_value, product_id, attribute_id) VALUES ('linen', 9828, 3);
INSERT INTO stock (product_id, quantity, warehouse_location) VALUES (9828, 37, 'A10');
INSERT INTO products (id, description, name, price, sku, supplier_id, category_id, brand_id) VALUES (9829, 'denim T-Shirt', 'Denim T-Shirt', 31.91, 'SKU09829', 5, 2, 1);
INSERT INTO images (id, alt_text, image_url, product_id) VALUES (19657, 'T-Shirt front view', 'https://example.com/sku09829-front.jpg', 9829);
INSERT INTO images (id, alt_text, image_url, product_id) VALUES (19658, 'T-Shirt back view', 'https://example.com/sku09829-back.jpg', 9829);
INSERT INTO product_attributes (attribute_value, product_id, attribute_id) VALUES ('White', 9829, 1);
INSERT INTO product_attributes (attribute_value, product_id, attribute_id) VALUES ('XXL', 9829, 2);
INSERT INTO product_attributes (attribute_value, product_id, attribute_id) VALUES ('cotton', 9829, 3);
INSERT INTO stock (product_id, quantity, warehouse_location) VALUES (9829, 59, 'B8');
INSERT INTO products (id, description, name, price, sku, supplier_id, category_id, brand_id) VALUES (9830, 'wool Shirt', 'Wool Shirt', 25.53, 'SKU09830', 10, 2, 4);
INSERT INTO images (id, alt_text, image_url, product_id) VALUES (19659, 'Shirt front view', 'https://example.com/sku09830-front.jpg', 9830);
INSERT INTO images (id, alt_text, image_url, product_id) VALUES (19660, 'Shirt back view', 'https://example.com/sku09830-back.jpg', 9830);
INSERT INTO product_attributes (attribute_value, product_id, attribute_id) VALUES ('Blue', 9830, 1);
INSERT INTO product_attributes (attribute_value, product_id, attribute_id) VALUES ('S', 9830, 2);
INSERT INTO product_attributes (attribute_value, product_id, attribute_id) VALUES ('silk', 9830, 3);
INSERT INTO stock (product_id, quantity, warehouse_location) VALUES (9830, 187, 'C6');
INSERT INTO products (id, description, name, price, sku, supplier_id, category_id, brand_id) VALUES (9831, 'linen Sweater', 'Linen Sweater', 24.26, 'SKU09831', 4, 3, 2);
INSERT INTO images (id, alt_text, image_url, product_id) VALUES (19661, 'Sweater front view', 'https://example.com/sku09831-front.jpg', 9831);
INSERT INTO images (id, alt_text, image_url, product_id) VALUES (19662, 'Sweater back view', 'https://example.com/sku09831-back.jpg', 9831);
INSERT INTO product_attributes (attribute_value, product_id, attribute_id) VALUES ('White', 9831, 1);
INSERT INTO product_attributes (attribute_value, product_id, attribute_id) VALUES ('XXL', 9831, 2);
INSERT INTO product_attributes (attribute_value, product_id, attribute_id) VALUES ('silk', 9831, 3);
INSERT INTO stock (product_id, quantity, warehouse_location) VALUES (9831, 63, 'C7');
INSERT INTO products (id, description, name, price, sku, supplier_id, category_id, brand_id) VALUES (9832, 'silk Shirt', 'Silk Shirt', 63.26, 'SKU09832', 1, 3, 1);
INSERT INTO images (id, alt_text, image_url, product_id) VALUES (19663, 'Shirt front view', 'https://example.com/sku09832-front.jpg', 9832);
INSERT INTO images (id, alt_text, image_url, product_id) VALUES (19664, 'Shirt back view', 'https://example.com/sku09832-back.jpg', 9832);
INSERT INTO product_attributes (attribute_value, product_id, attribute_id) VALUES ('Red', 9832, 1);
INSERT INTO product_attributes (attribute_value, product_id, attribute_id) VALUES ('XL', 9832, 2);
INSERT INTO product_attributes (attribute_value, product_id, attribute_id) VALUES ('wool', 9832, 3);
INSERT INTO stock (product_id, quantity, warehouse_location) VALUES (9832, 104, 'A6');
INSERT INTO products (id, description, name, price, sku, supplier_id, category_id, brand_id) VALUES (9833, 'wool Sweater', 'Wool Sweater', 99.65, 'SKU09833', 9, 3, 3);
INSERT INTO images (id, alt_text, image_url, product_id) VALUES (19665, 'Sweater front view', 'https://example.com/sku09833-front.jpg', 9833);
INSERT INTO images (id, alt_text, image_url, product_id) VALUES (19666, 'Sweater back view', 'https://example.com/sku09833-back.jpg', 9833);
INSERT INTO product_attributes (attribute_value, product_id, attribute_id) VALUES ('Red', 9833, 1);
INSERT INTO product_attributes (attribute_value, product_id, attribute_id) VALUES ('L', 9833, 2);
INSERT INTO product_attributes (attribute_value, product_id, attribute_id) VALUES ('wool', 9833, 3);
INSERT INTO stock (product_id, quantity, warehouse_location) VALUES (9833, 35, 'A5');
INSERT INTO products (id, description, name, price, sku, supplier_id, category_id, brand_id) VALUES (9834, 'denim Jacket', 'Denim Jacket', 42.37, 'SKU09834', 10, 1, 2);
INSERT INTO images (id, alt_text, image_url, product_id) VALUES (19667, 'Jacket front view', 'https://example.com/sku09834-front.jpg', 9834);
INSERT INTO images (id, alt_text, image_url, product_id) VALUES (19668, 'Jacket back view', 'https://example.com/sku09834-back.jpg', 9834);
INSERT INTO product_attributes (attribute_value, product_id, attribute_id) VALUES ('White', 9834, 1);
INSERT INTO product_attributes (attribute_value, product_id, attribute_id) VALUES ('XL', 9834, 2);
INSERT INTO product_attributes (attribute_value, product_id, attribute_id) VALUES ('silk', 9834, 3);
INSERT INTO stock (product_id, quantity, warehouse_location) VALUES (9834, 79, 'C4');
INSERT INTO products (id, description, name, price, sku, supplier_id, category_id, brand_id) VALUES (9835, 'denim T-Shirt', 'Denim T-Shirt', 59.47, 'SKU09835', 10, 2, 5);
INSERT INTO images (id, alt_text, image_url, product_id) VALUES (19669, 'T-Shirt front view', 'https://example.com/sku09835-front.jpg', 9835);
INSERT INTO images (id, alt_text, image_url, product_id) VALUES (19670, 'T-Shirt back view', 'https://example.com/sku09835-back.jpg', 9835);
INSERT INTO product_attributes (attribute_value, product_id, attribute_id) VALUES ('Red', 9835, 1);
INSERT INTO product_attributes (attribute_value, product_id, attribute_id) VALUES ('XXL', 9835, 2);
INSERT INTO product_attributes (attribute_value, product_id, attribute_id) VALUES ('wool', 9835, 3);
INSERT INTO stock (product_id, quantity, warehouse_location) VALUES (9835, 33, 'B2');
INSERT INTO products (id, description, name, price, sku, supplier_id, category_id, brand_id) VALUES (9836, 'cotton Shirt', 'Cotton Shirt', 68.24, 'SKU09836', 1, 2, 1);
INSERT INTO images (id, alt_text, image_url, product_id) VALUES (19671, 'Shirt front view', 'https://example.com/sku09836-front.jpg', 9836);
INSERT INTO images (id, alt_text, image_url, product_id) VALUES (19672, 'Shirt back view', 'https://example.com/sku09836-back.jpg', 9836);
INSERT INTO product_attributes (attribute_value, product_id, attribute_id) VALUES ('Green', 9836, 1);
INSERT INTO product_attributes (attribute_value, product_id, attribute_id) VALUES ('M', 9836, 2);
INSERT INTO product_attributes (attribute_value, product_id, attribute_id) VALUES ('cotton', 9836, 3);
INSERT INTO stock (product_id, quantity, warehouse_location) VALUES (9836, 185, 'B7');
INSERT INTO products (id, description, name, price, sku, supplier_id, category_id, brand_id) VALUES (9837, 'linen Sweater', 'Linen Sweater', 82.49, 'SKU09837', 7, 2, 3);
INSERT INTO images (id, alt_text, image_url, product_id) VALUES (19673, 'Sweater front view', 'https://example.com/sku09837-front.jpg', 9837);
INSERT INTO images (id, alt_text, image_url, product_id) VALUES (19674, 'Sweater back view', 'https://example.com/sku09837-back.jpg', 9837);
INSERT INTO product_attributes (attribute_value, product_id, attribute_id) VALUES ('Blue', 9837, 1);
INSERT INTO product_attributes (attribute_value, product_id, attribute_id) VALUES ('S', 9837, 2);
INSERT INTO product_attributes (attribute_value, product_id, attribute_id) VALUES ('silk', 9837, 3);
INSERT INTO stock (product_id, quantity, warehouse_location) VALUES (9837, 188, 'B5');
INSERT INTO products (id, description, name, price, sku, supplier_id, category_id, brand_id) VALUES (9838, 'cotton Sweater', 'Cotton Sweater', 27.14, 'SKU09838', 1, 1, 5);
INSERT INTO images (id, alt_text, image_url, product_id) VALUES (19675, 'Sweater front view', 'https://example.com/sku09838-front.jpg', 9838);
INSERT INTO images (id, alt_text, image_url, product_id) VALUES (19676, 'Sweater back view', 'https://example.com/sku09838-back.jpg', 9838);
INSERT INTO product_attributes (attribute_value, product_id, attribute_id) VALUES ('Green', 9838, 1);
INSERT INTO product_attributes (attribute_value, product_id, attribute_id) VALUES ('S', 9838, 2);
INSERT INTO product_attributes (attribute_value, product_id, attribute_id) VALUES ('silk', 9838, 3);
INSERT INTO stock (product_id, quantity, warehouse_location) VALUES (9838, 89, 'B4');
INSERT INTO products (id, description, name, price, sku, supplier_id, category_id, brand_id) VALUES (9839, 'linen Shirt', 'Linen Shirt', 23.7, 'SKU09839', 10, 1, 1);
INSERT INTO images (id, alt_text, image_url, product_id) VALUES (19677, 'Shirt front view', 'https://example.com/sku09839-front.jpg', 9839);
INSERT INTO images (id, alt_text, image_url, product_id) VALUES (19678, 'Shirt back view', 'https://example.com/sku09839-back.jpg', 9839);
INSERT INTO product_attributes (attribute_value, product_id, attribute_id) VALUES ('Red', 9839, 1);
INSERT INTO product_attributes (attribute_value, product_id, attribute_id) VALUES ('XL', 9839, 2);
INSERT INTO product_attributes (attribute_value, product_id, attribute_id) VALUES ('wool', 9839, 3);
INSERT INTO stock (product_id, quantity, warehouse_location) VALUES (9839, 55, 'B1');
INSERT INTO products (id, description, name, price, sku, supplier_id, category_id, brand_id) VALUES (9840, 'wool T-Shirt', 'Wool T-Shirt', 43.4, 'SKU09840', 3, 3, 5);
INSERT INTO images (id, alt_text, image_url, product_id) VALUES (19679, 'T-Shirt front view', 'https://example.com/sku09840-front.jpg', 9840);
INSERT INTO images (id, alt_text, image_url, product_id) VALUES (19680, 'T-Shirt back view', 'https://example.com/sku09840-back.jpg', 9840);
INSERT INTO product_attributes (attribute_value, product_id, attribute_id) VALUES ('Black', 9840, 1);
INSERT INTO product_attributes (attribute_value, product_id, attribute_id) VALUES ('L', 9840, 2);
INSERT INTO product_attributes (attribute_value, product_id, attribute_id) VALUES ('cotton', 9840, 3);
INSERT INTO stock (product_id, quantity, warehouse_location) VALUES (9840, 57, 'C6');
INSERT INTO products (id, description, name, price, sku, supplier_id, category_id, brand_id) VALUES (9841, 'cotton Jeans', 'Cotton Jeans', 38.56, 'SKU09841', 9, 2, 1);
INSERT INTO images (id, alt_text, image_url, product_id) VALUES (19681, 'Jeans front view', 'https://example.com/sku09841-front.jpg', 9841);
INSERT INTO images (id, alt_text, image_url, product_id) VALUES (19682, 'Jeans back view', 'https://example.com/sku09841-back.jpg', 9841);
INSERT INTO product_attributes (attribute_value, product_id, attribute_id) VALUES ('Red', 9841, 1);
INSERT INTO product_attributes (attribute_value, product_id, attribute_id) VALUES ('L', 9841, 2);
INSERT INTO product_attributes (attribute_value, product_id, attribute_id) VALUES ('silk', 9841, 3);
INSERT INTO stock (product_id, quantity, warehouse_location) VALUES (9841, 199, 'B4');
INSERT INTO products (id, description, name, price, sku, supplier_id, category_id, brand_id) VALUES (9842, 'linen Shirt', 'Linen Shirt', 22.05, 'SKU09842', 7, 1, 1);
INSERT INTO images (id, alt_text, image_url, product_id) VALUES (19683, 'Shirt front view', 'https://example.com/sku09842-front.jpg', 9842);
INSERT INTO images (id, alt_text, image_url, product_id) VALUES (19684, 'Shirt back view', 'https://example.com/sku09842-back.jpg', 9842);
INSERT INTO product_attributes (attribute_value, product_id, attribute_id) VALUES ('Red', 9842, 1);
INSERT INTO product_attributes (attribute_value, product_id, attribute_id) VALUES ('L', 9842, 2);
INSERT INTO product_attributes (attribute_value, product_id, attribute_id) VALUES ('denim', 9842, 3);
INSERT INTO stock (product_id, quantity, warehouse_location) VALUES (9842, 20, 'C9');
INSERT INTO products (id, description, name, price, sku, supplier_id, category_id, brand_id) VALUES (9843, 'wool Jacket', 'Wool Jacket', 83.82, 'SKU09843', 7, 1, 3);
INSERT INTO images (id, alt_text, image_url, product_id) VALUES (19685, 'Jacket front view', 'https://example.com/sku09843-front.jpg', 9843);
INSERT INTO images (id, alt_text, image_url, product_id) VALUES (19686, 'Jacket back view', 'https://example.com/sku09843-back.jpg', 9843);
INSERT INTO product_attributes (attribute_value, product_id, attribute_id) VALUES ('Green', 9843, 1);
INSERT INTO product_attributes (attribute_value, product_id, attribute_id) VALUES ('L', 9843, 2);
INSERT INTO product_attributes (attribute_value, product_id, attribute_id) VALUES ('wool', 9843, 3);
INSERT INTO stock (product_id, quantity, warehouse_location) VALUES (9843, 74, 'B7');
INSERT INTO products (id, description, name, price, sku, supplier_id, category_id, brand_id) VALUES (9844, 'denim Shirt', 'Denim Shirt', 67.19, 'SKU09844', 9, 1, 3);
INSERT INTO images (id, alt_text, image_url, product_id) VALUES (19687, 'Shirt front view', 'https://example.com/sku09844-front.jpg', 9844);
INSERT INTO images (id, alt_text, image_url, product_id) VALUES (19688, 'Shirt back view', 'https://example.com/sku09844-back.jpg', 9844);
INSERT INTO product_attributes (attribute_value, product_id, attribute_id) VALUES ('Black', 9844, 1);
INSERT INTO product_attributes (attribute_value, product_id, attribute_id) VALUES ('M', 9844, 2);
INSERT INTO product_attributes (attribute_value, product_id, attribute_id) VALUES ('silk', 9844, 3);
INSERT INTO stock (product_id, quantity, warehouse_location) VALUES (9844, 44, 'B5');
INSERT INTO products (id, description, name, price, sku, supplier_id, category_id, brand_id) VALUES (9845, 'silk Jeans', 'Silk Jeans', 69.96, 'SKU09845', 1, 1, 5);
INSERT INTO images (id, alt_text, image_url, product_id) VALUES (19689, 'Jeans front view', 'https://example.com/sku09845-front.jpg', 9845);
INSERT INTO images (id, alt_text, image_url, product_id) VALUES (19690, 'Jeans back view', 'https://example.com/sku09845-back.jpg', 9845);
INSERT INTO product_attributes (attribute_value, product_id, attribute_id) VALUES ('Blue', 9845, 1);
INSERT INTO product_attributes (attribute_value, product_id, attribute_id) VALUES ('L', 9845, 2);
INSERT INTO product_attributes (attribute_value, product_id, attribute_id) VALUES ('linen', 9845, 3);
INSERT INTO stock (product_id, quantity, warehouse_location) VALUES (9845, 71, 'B2');
INSERT INTO products (id, description, name, price, sku, supplier_id, category_id, brand_id) VALUES (9846, 'denim Jacket', 'Denim Jacket', 31.74, 'SKU09846', 2, 2, 4);
INSERT INTO images (id, alt_text, image_url, product_id) VALUES (19691, 'Jacket front view', 'https://example.com/sku09846-front.jpg', 9846);
INSERT INTO images (id, alt_text, image_url, product_id) VALUES (19692, 'Jacket back view', 'https://example.com/sku09846-back.jpg', 9846);
INSERT INTO product_attributes (attribute_value, product_id, attribute_id) VALUES ('Red', 9846, 1);
INSERT INTO product_attributes (attribute_value, product_id, attribute_id) VALUES ('M', 9846, 2);
INSERT INTO product_attributes (attribute_value, product_id, attribute_id) VALUES ('linen', 9846, 3);
INSERT INTO stock (product_id, quantity, warehouse_location) VALUES (9846, 174, 'C4');
INSERT INTO products (id, description, name, price, sku, supplier_id, category_id, brand_id) VALUES (9847, 'silk Shirt', 'Silk Shirt', 97.35, 'SKU09847', 5, 1, 5);
INSERT INTO images (id, alt_text, image_url, product_id) VALUES (19693, 'Shirt front view', 'https://example.com/sku09847-front.jpg', 9847);
INSERT INTO images (id, alt_text, image_url, product_id) VALUES (19694, 'Shirt back view', 'https://example.com/sku09847-back.jpg', 9847);
INSERT INTO product_attributes (attribute_value, product_id, attribute_id) VALUES ('Black', 9847, 1);
INSERT INTO product_attributes (attribute_value, product_id, attribute_id) VALUES ('S', 9847, 2);
INSERT INTO product_attributes (attribute_value, product_id, attribute_id) VALUES ('silk', 9847, 3);
INSERT INTO stock (product_id, quantity, warehouse_location) VALUES (9847, 3, 'B2');
INSERT INTO products (id, description, name, price, sku, supplier_id, category_id, brand_id) VALUES (9848, 'silk Shirt', 'Silk Shirt', 43.72, 'SKU09848', 7, 4, 2);
INSERT INTO images (id, alt_text, image_url, product_id) VALUES (19695, 'Shirt front view', 'https://example.com/sku09848-front.jpg', 9848);
INSERT INTO images (id, alt_text, image_url, product_id) VALUES (19696, 'Shirt back view', 'https://example.com/sku09848-back.jpg', 9848);
INSERT INTO product_attributes (attribute_value, product_id, attribute_id) VALUES ('Blue', 9848, 1);
INSERT INTO product_attributes (attribute_value, product_id, attribute_id) VALUES ('S', 9848, 2);
INSERT INTO product_attributes (attribute_value, product_id, attribute_id) VALUES ('wool', 9848, 3);
INSERT INTO stock (product_id, quantity, warehouse_location) VALUES (9848, 145, 'B2');
INSERT INTO products (id, description, name, price, sku, supplier_id, category_id, brand_id) VALUES (9849, 'wool Jacket', 'Wool Jacket', 77.39, 'SKU09849', 6, 3, 4);
INSERT INTO images (id, alt_text, image_url, product_id) VALUES (19697, 'Jacket front view', 'https://example.com/sku09849-front.jpg', 9849);
INSERT INTO images (id, alt_text, image_url, product_id) VALUES (19698, 'Jacket back view', 'https://example.com/sku09849-back.jpg', 9849);
INSERT INTO product_attributes (attribute_value, product_id, attribute_id) VALUES ('White', 9849, 1);
INSERT INTO product_attributes (attribute_value, product_id, attribute_id) VALUES ('L', 9849, 2);
INSERT INTO product_attributes (attribute_value, product_id, attribute_id) VALUES ('denim', 9849, 3);
INSERT INTO stock (product_id, quantity, warehouse_location) VALUES (9849, 46, 'C8');
INSERT INTO products (id, description, name, price, sku, supplier_id, category_id, brand_id) VALUES (9850, 'cotton Jeans', 'Cotton Jeans', 70.4, 'SKU09850', 3, 3, 5);
INSERT INTO images (id, alt_text, image_url, product_id) VALUES (19699, 'Jeans front view', 'https://example.com/sku09850-front.jpg', 9850);
INSERT INTO images (id, alt_text, image_url, product_id) VALUES (19700, 'Jeans back view', 'https://example.com/sku09850-back.jpg', 9850);
INSERT INTO product_attributes (attribute_value, product_id, attribute_id) VALUES ('Blue', 9850, 1);
INSERT INTO product_attributes (attribute_value, product_id, attribute_id) VALUES ('XXL', 9850, 2);
INSERT INTO product_attributes (attribute_value, product_id, attribute_id) VALUES ('cotton', 9850, 3);
INSERT INTO stock (product_id, quantity, warehouse_location) VALUES (9850, 196, 'B10');
INSERT INTO products (id, description, name, price, sku, supplier_id, category_id, brand_id) VALUES (9851, 'wool Sweater', 'Wool Sweater', 17.81, 'SKU09851', 1, 3, 5);
INSERT INTO images (id, alt_text, image_url, product_id) VALUES (19701, 'Sweater front view', 'https://example.com/sku09851-front.jpg', 9851);
INSERT INTO images (id, alt_text, image_url, product_id) VALUES (19702, 'Sweater back view', 'https://example.com/sku09851-back.jpg', 9851);
INSERT INTO product_attributes (attribute_value, product_id, attribute_id) VALUES ('Black', 9851, 1);
INSERT INTO product_attributes (attribute_value, product_id, attribute_id) VALUES ('XL', 9851, 2);
INSERT INTO product_attributes (attribute_value, product_id, attribute_id) VALUES ('cotton', 9851, 3);
INSERT INTO stock (product_id, quantity, warehouse_location) VALUES (9851, 60, 'C3');
INSERT INTO products (id, description, name, price, sku, supplier_id, category_id, brand_id) VALUES (9852, 'silk Sweater', 'Silk Sweater', 82.59, 'SKU09852', 9, 4, 3);
INSERT INTO images (id, alt_text, image_url, product_id) VALUES (19703, 'Sweater front view', 'https://example.com/sku09852-front.jpg', 9852);
INSERT INTO images (id, alt_text, image_url, product_id) VALUES (19704, 'Sweater back view', 'https://example.com/sku09852-back.jpg', 9852);
INSERT INTO product_attributes (attribute_value, product_id, attribute_id) VALUES ('Red', 9852, 1);
INSERT INTO product_attributes (attribute_value, product_id, attribute_id) VALUES ('L', 9852, 2);
INSERT INTO product_attributes (attribute_value, product_id, attribute_id) VALUES ('denim', 9852, 3);
INSERT INTO stock (product_id, quantity, warehouse_location) VALUES (9852, 172, 'C3');
INSERT INTO products (id, description, name, price, sku, supplier_id, category_id, brand_id) VALUES (9853, 'wool Shirt', 'Wool Shirt', 77.41, 'SKU09853', 10, 3, 4);
INSERT INTO images (id, alt_text, image_url, product_id) VALUES (19705, 'Shirt front view', 'https://example.com/sku09853-front.jpg', 9853);
INSERT INTO images (id, alt_text, image_url, product_id) VALUES (19706, 'Shirt back view', 'https://example.com/sku09853-back.jpg', 9853);
INSERT INTO product_attributes (attribute_value, product_id, attribute_id) VALUES ('Green', 9853, 1);
INSERT INTO product_attributes (attribute_value, product_id, attribute_id) VALUES ('XL', 9853, 2);
INSERT INTO product_attributes (attribute_value, product_id, attribute_id) VALUES ('cotton', 9853, 3);
INSERT INTO stock (product_id, quantity, warehouse_location) VALUES (9853, 137, 'B1');
INSERT INTO products (id, description, name, price, sku, supplier_id, category_id, brand_id) VALUES (9854, 'wool Sweater', 'Wool Sweater', 40.31, 'SKU09854', 3, 4, 4);
INSERT INTO images (id, alt_text, image_url, product_id) VALUES (19707, 'Sweater front view', 'https://example.com/sku09854-front.jpg', 9854);
INSERT INTO images (id, alt_text, image_url, product_id) VALUES (19708, 'Sweater back view', 'https://example.com/sku09854-back.jpg', 9854);
INSERT INTO product_attributes (attribute_value, product_id, attribute_id) VALUES ('Red', 9854, 1);
INSERT INTO product_attributes (attribute_value, product_id, attribute_id) VALUES ('M', 9854, 2);
INSERT INTO product_attributes (attribute_value, product_id, attribute_id) VALUES ('wool', 9854, 3);
INSERT INTO stock (product_id, quantity, warehouse_location) VALUES (9854, 83, 'B3');
INSERT INTO products (id, description, name, price, sku, supplier_id, category_id, brand_id) VALUES (9855, 'wool Shirt', 'Wool Shirt', 38.4, 'SKU09855', 6, 3, 1);
INSERT INTO images (id, alt_text, image_url, product_id) VALUES (19709, 'Shirt front view', 'https://example.com/sku09855-front.jpg', 9855);
INSERT INTO images (id, alt_text, image_url, product_id) VALUES (19710, 'Shirt back view', 'https://example.com/sku09855-back.jpg', 9855);
INSERT INTO product_attributes (attribute_value, product_id, attribute_id) VALUES ('Black', 9855, 1);
INSERT INTO product_attributes (attribute_value, product_id, attribute_id) VALUES ('L', 9855, 2);
INSERT INTO product_attributes (attribute_value, product_id, attribute_id) VALUES ('linen', 9855, 3);
INSERT INTO stock (product_id, quantity, warehouse_location) VALUES (9855, 147, 'B10');
INSERT INTO products (id, description, name, price, sku, supplier_id, category_id, brand_id) VALUES (9856, 'wool T-Shirt', 'Wool T-Shirt', 92.8, 'SKU09856', 4, 2, 2);
INSERT INTO images (id, alt_text, image_url, product_id) VALUES (19711, 'T-Shirt front view', 'https://example.com/sku09856-front.jpg', 9856);
INSERT INTO images (id, alt_text, image_url, product_id) VALUES (19712, 'T-Shirt back view', 'https://example.com/sku09856-back.jpg', 9856);
INSERT INTO product_attributes (attribute_value, product_id, attribute_id) VALUES ('Red', 9856, 1);
INSERT INTO product_attributes (attribute_value, product_id, attribute_id) VALUES ('M', 9856, 2);
INSERT INTO product_attributes (attribute_value, product_id, attribute_id) VALUES ('cotton', 9856, 3);
INSERT INTO stock (product_id, quantity, warehouse_location) VALUES (9856, 69, 'C1');
INSERT INTO products (id, description, name, price, sku, supplier_id, category_id, brand_id) VALUES (9857, 'denim T-Shirt', 'Denim T-Shirt', 21.3, 'SKU09857', 3, 1, 5);
INSERT INTO images (id, alt_text, image_url, product_id) VALUES (19713, 'T-Shirt front view', 'https://example.com/sku09857-front.jpg', 9857);
INSERT INTO images (id, alt_text, image_url, product_id) VALUES (19714, 'T-Shirt back view', 'https://example.com/sku09857-back.jpg', 9857);
INSERT INTO product_attributes (attribute_value, product_id, attribute_id) VALUES ('Red', 9857, 1);
INSERT INTO product_attributes (attribute_value, product_id, attribute_id) VALUES ('XXL', 9857, 2);
INSERT INTO product_attributes (attribute_value, product_id, attribute_id) VALUES ('silk', 9857, 3);
INSERT INTO stock (product_id, quantity, warehouse_location) VALUES (9857, 182, 'B10');
INSERT INTO products (id, description, name, price, sku, supplier_id, category_id, brand_id) VALUES (9858, 'wool T-Shirt', 'Wool T-Shirt', 50.75, 'SKU09858', 2, 1, 2);
INSERT INTO images (id, alt_text, image_url, product_id) VALUES (19715, 'T-Shirt front view', 'https://example.com/sku09858-front.jpg', 9858);
INSERT INTO images (id, alt_text, image_url, product_id) VALUES (19716, 'T-Shirt back view', 'https://example.com/sku09858-back.jpg', 9858);
INSERT INTO product_attributes (attribute_value, product_id, attribute_id) VALUES ('Black', 9858, 1);
INSERT INTO product_attributes (attribute_value, product_id, attribute_id) VALUES ('S', 9858, 2);
INSERT INTO product_attributes (attribute_value, product_id, attribute_id) VALUES ('cotton', 9858, 3);
INSERT INTO stock (product_id, quantity, warehouse_location) VALUES (9858, 110, 'B3');
INSERT INTO products (id, description, name, price, sku, supplier_id, category_id, brand_id) VALUES (9859, 'wool Jacket', 'Wool Jacket', 24.9, 'SKU09859', 7, 3, 4);
INSERT INTO images (id, alt_text, image_url, product_id) VALUES (19717, 'Jacket front view', 'https://example.com/sku09859-front.jpg', 9859);
INSERT INTO images (id, alt_text, image_url, product_id) VALUES (19718, 'Jacket back view', 'https://example.com/sku09859-back.jpg', 9859);
INSERT INTO product_attributes (attribute_value, product_id, attribute_id) VALUES ('Black', 9859, 1);
INSERT INTO product_attributes (attribute_value, product_id, attribute_id) VALUES ('M', 9859, 2);
INSERT INTO product_attributes (attribute_value, product_id, attribute_id) VALUES ('wool', 9859, 3);
INSERT INTO stock (product_id, quantity, warehouse_location) VALUES (9859, 171, 'B8');
INSERT INTO products (id, description, name, price, sku, supplier_id, category_id, brand_id) VALUES (9860, 'wool Jeans', 'Wool Jeans', 52.84, 'SKU09860', 4, 4, 3);
INSERT INTO images (id, alt_text, image_url, product_id) VALUES (19719, 'Jeans front view', 'https://example.com/sku09860-front.jpg', 9860);
INSERT INTO images (id, alt_text, image_url, product_id) VALUES (19720, 'Jeans back view', 'https://example.com/sku09860-back.jpg', 9860);
INSERT INTO product_attributes (attribute_value, product_id, attribute_id) VALUES ('Red', 9860, 1);
INSERT INTO product_attributes (attribute_value, product_id, attribute_id) VALUES ('L', 9860, 2);
INSERT INTO product_attributes (attribute_value, product_id, attribute_id) VALUES ('denim', 9860, 3);
INSERT INTO stock (product_id, quantity, warehouse_location) VALUES (9860, 74, 'A3');
INSERT INTO products (id, description, name, price, sku, supplier_id, category_id, brand_id) VALUES (9861, 'silk Jeans', 'Silk Jeans', 60.64, 'SKU09861', 1, 3, 5);
INSERT INTO images (id, alt_text, image_url, product_id) VALUES (19721, 'Jeans front view', 'https://example.com/sku09861-front.jpg', 9861);
INSERT INTO images (id, alt_text, image_url, product_id) VALUES (19722, 'Jeans back view', 'https://example.com/sku09861-back.jpg', 9861);
INSERT INTO product_attributes (attribute_value, product_id, attribute_id) VALUES ('Black', 9861, 1);
INSERT INTO product_attributes (attribute_value, product_id, attribute_id) VALUES ('XL', 9861, 2);
INSERT INTO product_attributes (attribute_value, product_id, attribute_id) VALUES ('cotton', 9861, 3);
INSERT INTO stock (product_id, quantity, warehouse_location) VALUES (9861, 139, 'C6');
INSERT INTO products (id, description, name, price, sku, supplier_id, category_id, brand_id) VALUES (9862, 'denim Jeans', 'Denim Jeans', 23.29, 'SKU09862', 8, 1, 1);
INSERT INTO images (id, alt_text, image_url, product_id) VALUES (19723, 'Jeans front view', 'https://example.com/sku09862-front.jpg', 9862);
INSERT INTO images (id, alt_text, image_url, product_id) VALUES (19724, 'Jeans back view', 'https://example.com/sku09862-back.jpg', 9862);
INSERT INTO product_attributes (attribute_value, product_id, attribute_id) VALUES ('Red', 9862, 1);
INSERT INTO product_attributes (attribute_value, product_id, attribute_id) VALUES ('L', 9862, 2);
INSERT INTO product_attributes (attribute_value, product_id, attribute_id) VALUES ('linen', 9862, 3);
INSERT INTO stock (product_id, quantity, warehouse_location) VALUES (9862, 172, 'B7');
INSERT INTO products (id, description, name, price, sku, supplier_id, category_id, brand_id) VALUES (9863, 'denim Jacket', 'Denim Jacket', 31.25, 'SKU09863', 1, 4, 5);
INSERT INTO images (id, alt_text, image_url, product_id) VALUES (19725, 'Jacket front view', 'https://example.com/sku09863-front.jpg', 9863);
INSERT INTO images (id, alt_text, image_url, product_id) VALUES (19726, 'Jacket back view', 'https://example.com/sku09863-back.jpg', 9863);
INSERT INTO product_attributes (attribute_value, product_id, attribute_id) VALUES ('Blue', 9863, 1);
INSERT INTO product_attributes (attribute_value, product_id, attribute_id) VALUES ('XXL', 9863, 2);
INSERT INTO product_attributes (attribute_value, product_id, attribute_id) VALUES ('cotton', 9863, 3);
INSERT INTO stock (product_id, quantity, warehouse_location) VALUES (9863, 139, 'B7');
INSERT INTO products (id, description, name, price, sku, supplier_id, category_id, brand_id) VALUES (9864, 'linen Jeans', 'Linen Jeans', 46.82, 'SKU09864', 8, 1, 2);
INSERT INTO images (id, alt_text, image_url, product_id) VALUES (19727, 'Jeans front view', 'https://example.com/sku09864-front.jpg', 9864);
INSERT INTO images (id, alt_text, image_url, product_id) VALUES (19728, 'Jeans back view', 'https://example.com/sku09864-back.jpg', 9864);
INSERT INTO product_attributes (attribute_value, product_id, attribute_id) VALUES ('Blue', 9864, 1);
INSERT INTO product_attributes (attribute_value, product_id, attribute_id) VALUES ('XXL', 9864, 2);
INSERT INTO product_attributes (attribute_value, product_id, attribute_id) VALUES ('linen', 9864, 3);
INSERT INTO stock (product_id, quantity, warehouse_location) VALUES (9864, 124, 'B1');
INSERT INTO products (id, description, name, price, sku, supplier_id, category_id, brand_id) VALUES (9865, 'denim Sweater', 'Denim Sweater', 63.79, 'SKU09865', 8, 4, 1);
INSERT INTO images (id, alt_text, image_url, product_id) VALUES (19729, 'Sweater front view', 'https://example.com/sku09865-front.jpg', 9865);
INSERT INTO images (id, alt_text, image_url, product_id) VALUES (19730, 'Sweater back view', 'https://example.com/sku09865-back.jpg', 9865);
INSERT INTO product_attributes (attribute_value, product_id, attribute_id) VALUES ('Black', 9865, 1);
INSERT INTO product_attributes (attribute_value, product_id, attribute_id) VALUES ('M', 9865, 2);
INSERT INTO product_attributes (attribute_value, product_id, attribute_id) VALUES ('denim', 9865, 3);
INSERT INTO stock (product_id, quantity, warehouse_location) VALUES (9865, 164, 'C7');
INSERT INTO products (id, description, name, price, sku, supplier_id, category_id, brand_id) VALUES (9866, 'cotton Shirt', 'Cotton Shirt', 62.11, 'SKU09866', 9, 3, 4);
INSERT INTO images (id, alt_text, image_url, product_id) VALUES (19731, 'Shirt front view', 'https://example.com/sku09866-front.jpg', 9866);
INSERT INTO images (id, alt_text, image_url, product_id) VALUES (19732, 'Shirt back view', 'https://example.com/sku09866-back.jpg', 9866);
INSERT INTO product_attributes (attribute_value, product_id, attribute_id) VALUES ('Blue', 9866, 1);
INSERT INTO product_attributes (attribute_value, product_id, attribute_id) VALUES ('S', 9866, 2);
INSERT INTO product_attributes (attribute_value, product_id, attribute_id) VALUES ('wool', 9866, 3);
INSERT INTO stock (product_id, quantity, warehouse_location) VALUES (9866, 111, 'A8');
INSERT INTO products (id, description, name, price, sku, supplier_id, category_id, brand_id) VALUES (9867, 'wool Sweater', 'Wool Sweater', 73.89, 'SKU09867', 2, 4, 5);
INSERT INTO images (id, alt_text, image_url, product_id) VALUES (19733, 'Sweater front view', 'https://example.com/sku09867-front.jpg', 9867);
INSERT INTO images (id, alt_text, image_url, product_id) VALUES (19734, 'Sweater back view', 'https://example.com/sku09867-back.jpg', 9867);
INSERT INTO product_attributes (attribute_value, product_id, attribute_id) VALUES ('Black', 9867, 1);
INSERT INTO product_attributes (attribute_value, product_id, attribute_id) VALUES ('S', 9867, 2);
INSERT INTO product_attributes (attribute_value, product_id, attribute_id) VALUES ('linen', 9867, 3);
INSERT INTO stock (product_id, quantity, warehouse_location) VALUES (9867, 45, 'B8');
INSERT INTO products (id, description, name, price, sku, supplier_id, category_id, brand_id) VALUES (9868, 'linen T-Shirt', 'Linen T-Shirt', 80.51, 'SKU09868', 4, 4, 2);
INSERT INTO images (id, alt_text, image_url, product_id) VALUES (19735, 'T-Shirt front view', 'https://example.com/sku09868-front.jpg', 9868);
INSERT INTO images (id, alt_text, image_url, product_id) VALUES (19736, 'T-Shirt back view', 'https://example.com/sku09868-back.jpg', 9868);
INSERT INTO product_attributes (attribute_value, product_id, attribute_id) VALUES ('White', 9868, 1);
INSERT INTO product_attributes (attribute_value, product_id, attribute_id) VALUES ('M', 9868, 2);
INSERT INTO product_attributes (attribute_value, product_id, attribute_id) VALUES ('cotton', 9868, 3);
INSERT INTO stock (product_id, quantity, warehouse_location) VALUES (9868, 102, 'B10');
INSERT INTO products (id, description, name, price, sku, supplier_id, category_id, brand_id) VALUES (9869, 'denim Jacket', 'Denim Jacket', 82.37, 'SKU09869', 10, 4, 1);
INSERT INTO images (id, alt_text, image_url, product_id) VALUES (19737, 'Jacket front view', 'https://example.com/sku09869-front.jpg', 9869);
INSERT INTO images (id, alt_text, image_url, product_id) VALUES (19738, 'Jacket back view', 'https://example.com/sku09869-back.jpg', 9869);
INSERT INTO product_attributes (attribute_value, product_id, attribute_id) VALUES ('Green', 9869, 1);
INSERT INTO product_attributes (attribute_value, product_id, attribute_id) VALUES ('S', 9869, 2);
INSERT INTO product_attributes (attribute_value, product_id, attribute_id) VALUES ('wool', 9869, 3);
INSERT INTO stock (product_id, quantity, warehouse_location) VALUES (9869, 148, 'C4');
INSERT INTO products (id, description, name, price, sku, supplier_id, category_id, brand_id) VALUES (9870, 'silk T-Shirt', 'Silk T-Shirt', 23.7, 'SKU09870', 10, 4, 5);
INSERT INTO images (id, alt_text, image_url, product_id) VALUES (19739, 'T-Shirt front view', 'https://example.com/sku09870-front.jpg', 9870);
INSERT INTO images (id, alt_text, image_url, product_id) VALUES (19740, 'T-Shirt back view', 'https://example.com/sku09870-back.jpg', 9870);
INSERT INTO product_attributes (attribute_value, product_id, attribute_id) VALUES ('White', 9870, 1);
INSERT INTO product_attributes (attribute_value, product_id, attribute_id) VALUES ('L', 9870, 2);
INSERT INTO product_attributes (attribute_value, product_id, attribute_id) VALUES ('denim', 9870, 3);
INSERT INTO stock (product_id, quantity, warehouse_location) VALUES (9870, 101, 'C5');
INSERT INTO products (id, description, name, price, sku, supplier_id, category_id, brand_id) VALUES (9871, 'cotton T-Shirt', 'Cotton T-Shirt', 58.2, 'SKU09871', 6, 1, 1);
INSERT INTO images (id, alt_text, image_url, product_id) VALUES (19741, 'T-Shirt front view', 'https://example.com/sku09871-front.jpg', 9871);
INSERT INTO images (id, alt_text, image_url, product_id) VALUES (19742, 'T-Shirt back view', 'https://example.com/sku09871-back.jpg', 9871);
INSERT INTO product_attributes (attribute_value, product_id, attribute_id) VALUES ('Green', 9871, 1);
INSERT INTO product_attributes (attribute_value, product_id, attribute_id) VALUES ('XL', 9871, 2);
INSERT INTO product_attributes (attribute_value, product_id, attribute_id) VALUES ('wool', 9871, 3);
INSERT INTO stock (product_id, quantity, warehouse_location) VALUES (9871, 178, 'A5');
INSERT INTO products (id, description, name, price, sku, supplier_id, category_id, brand_id) VALUES (9872, 'denim Shirt', 'Denim Shirt', 66.83, 'SKU09872', 9, 1, 5);
INSERT INTO images (id, alt_text, image_url, product_id) VALUES (19743, 'Shirt front view', 'https://example.com/sku09872-front.jpg', 9872);
INSERT INTO images (id, alt_text, image_url, product_id) VALUES (19744, 'Shirt back view', 'https://example.com/sku09872-back.jpg', 9872);
INSERT INTO product_attributes (attribute_value, product_id, attribute_id) VALUES ('Black', 9872, 1);
INSERT INTO product_attributes (attribute_value, product_id, attribute_id) VALUES ('XL', 9872, 2);
INSERT INTO product_attributes (attribute_value, product_id, attribute_id) VALUES ('denim', 9872, 3);
INSERT INTO stock (product_id, quantity, warehouse_location) VALUES (9872, 94, 'A3');
INSERT INTO products (id, description, name, price, sku, supplier_id, category_id, brand_id) VALUES (9873, 'silk Jeans', 'Silk Jeans', 16.37, 'SKU09873', 10, 4, 2);
INSERT INTO images (id, alt_text, image_url, product_id) VALUES (19745, 'Jeans front view', 'https://example.com/sku09873-front.jpg', 9873);
INSERT INTO images (id, alt_text, image_url, product_id) VALUES (19746, 'Jeans back view', 'https://example.com/sku09873-back.jpg', 9873);
INSERT INTO product_attributes (attribute_value, product_id, attribute_id) VALUES ('White', 9873, 1);
INSERT INTO product_attributes (attribute_value, product_id, attribute_id) VALUES ('L', 9873, 2);
INSERT INTO product_attributes (attribute_value, product_id, attribute_id) VALUES ('denim', 9873, 3);
INSERT INTO stock (product_id, quantity, warehouse_location) VALUES (9873, 145, 'A6');
INSERT INTO products (id, description, name, price, sku, supplier_id, category_id, brand_id) VALUES (9874, 'silk Jeans', 'Silk Jeans', 63.29, 'SKU09874', 2, 4, 5);
INSERT INTO images (id, alt_text, image_url, product_id) VALUES (19747, 'Jeans front view', 'https://example.com/sku09874-front.jpg', 9874);
INSERT INTO images (id, alt_text, image_url, product_id) VALUES (19748, 'Jeans back view', 'https://example.com/sku09874-back.jpg', 9874);
INSERT INTO product_attributes (attribute_value, product_id, attribute_id) VALUES ('Green', 9874, 1);
INSERT INTO product_attributes (attribute_value, product_id, attribute_id) VALUES ('XL', 9874, 2);
INSERT INTO product_attributes (attribute_value, product_id, attribute_id) VALUES ('wool', 9874, 3);
INSERT INTO stock (product_id, quantity, warehouse_location) VALUES (9874, 140, 'A5');
INSERT INTO products (id, description, name, price, sku, supplier_id, category_id, brand_id) VALUES (9875, 'denim Jacket', 'Denim Jacket', 13.65, 'SKU09875', 6, 3, 2);
INSERT INTO images (id, alt_text, image_url, product_id) VALUES (19749, 'Jacket front view', 'https://example.com/sku09875-front.jpg', 9875);
INSERT INTO images (id, alt_text, image_url, product_id) VALUES (19750, 'Jacket back view', 'https://example.com/sku09875-back.jpg', 9875);
INSERT INTO product_attributes (attribute_value, product_id, attribute_id) VALUES ('White', 9875, 1);
INSERT INTO product_attributes (attribute_value, product_id, attribute_id) VALUES ('XXL', 9875, 2);
INSERT INTO product_attributes (attribute_value, product_id, attribute_id) VALUES ('silk', 9875, 3);
INSERT INTO stock (product_id, quantity, warehouse_location) VALUES (9875, 51, 'C3');
INSERT INTO products (id, description, name, price, sku, supplier_id, category_id, brand_id) VALUES (9876, 'denim Jeans', 'Denim Jeans', 12.97, 'SKU09876', 2, 2, 5);
INSERT INTO images (id, alt_text, image_url, product_id) VALUES (19751, 'Jeans front view', 'https://example.com/sku09876-front.jpg', 9876);
INSERT INTO images (id, alt_text, image_url, product_id) VALUES (19752, 'Jeans back view', 'https://example.com/sku09876-back.jpg', 9876);
INSERT INTO product_attributes (attribute_value, product_id, attribute_id) VALUES ('Red', 9876, 1);
INSERT INTO product_attributes (attribute_value, product_id, attribute_id) VALUES ('M', 9876, 2);
INSERT INTO product_attributes (attribute_value, product_id, attribute_id) VALUES ('linen', 9876, 3);
INSERT INTO stock (product_id, quantity, warehouse_location) VALUES (9876, 195, 'C1');
INSERT INTO products (id, description, name, price, sku, supplier_id, category_id, brand_id) VALUES (9877, 'silk Sweater', 'Silk Sweater', 43.86, 'SKU09877', 8, 3, 4);
INSERT INTO images (id, alt_text, image_url, product_id) VALUES (19753, 'Sweater front view', 'https://example.com/sku09877-front.jpg', 9877);
INSERT INTO images (id, alt_text, image_url, product_id) VALUES (19754, 'Sweater back view', 'https://example.com/sku09877-back.jpg', 9877);
INSERT INTO product_attributes (attribute_value, product_id, attribute_id) VALUES ('Green', 9877, 1);
INSERT INTO product_attributes (attribute_value, product_id, attribute_id) VALUES ('XXL', 9877, 2);
INSERT INTO product_attributes (attribute_value, product_id, attribute_id) VALUES ('denim', 9877, 3);
INSERT INTO stock (product_id, quantity, warehouse_location) VALUES (9877, 78, 'B5');
INSERT INTO products (id, description, name, price, sku, supplier_id, category_id, brand_id) VALUES (9878, 'silk Jacket', 'Silk Jacket', 12.15, 'SKU09878', 9, 3, 3);
INSERT INTO images (id, alt_text, image_url, product_id) VALUES (19755, 'Jacket front view', 'https://example.com/sku09878-front.jpg', 9878);
INSERT INTO images (id, alt_text, image_url, product_id) VALUES (19756, 'Jacket back view', 'https://example.com/sku09878-back.jpg', 9878);
INSERT INTO product_attributes (attribute_value, product_id, attribute_id) VALUES ('White', 9878, 1);
INSERT INTO product_attributes (attribute_value, product_id, attribute_id) VALUES ('L', 9878, 2);
INSERT INTO product_attributes (attribute_value, product_id, attribute_id) VALUES ('wool', 9878, 3);
INSERT INTO stock (product_id, quantity, warehouse_location) VALUES (9878, 16, 'B6');
INSERT INTO products (id, description, name, price, sku, supplier_id, category_id, brand_id) VALUES (9879, 'linen Jeans', 'Linen Jeans', 71.07, 'SKU09879', 8, 4, 4);
INSERT INTO images (id, alt_text, image_url, product_id) VALUES (19757, 'Jeans front view', 'https://example.com/sku09879-front.jpg', 9879);
INSERT INTO images (id, alt_text, image_url, product_id) VALUES (19758, 'Jeans back view', 'https://example.com/sku09879-back.jpg', 9879);
INSERT INTO product_attributes (attribute_value, product_id, attribute_id) VALUES ('Red', 9879, 1);
INSERT INTO product_attributes (attribute_value, product_id, attribute_id) VALUES ('M', 9879, 2);
INSERT INTO product_attributes (attribute_value, product_id, attribute_id) VALUES ('linen', 9879, 3);
INSERT INTO stock (product_id, quantity, warehouse_location) VALUES (9879, 164, 'A2');
INSERT INTO products (id, description, name, price, sku, supplier_id, category_id, brand_id) VALUES (9880, 'silk Sweater', 'Silk Sweater', 76.69, 'SKU09880', 8, 3, 1);
INSERT INTO images (id, alt_text, image_url, product_id) VALUES (19759, 'Sweater front view', 'https://example.com/sku09880-front.jpg', 9880);
INSERT INTO images (id, alt_text, image_url, product_id) VALUES (19760, 'Sweater back view', 'https://example.com/sku09880-back.jpg', 9880);
INSERT INTO product_attributes (attribute_value, product_id, attribute_id) VALUES ('White', 9880, 1);
INSERT INTO product_attributes (attribute_value, product_id, attribute_id) VALUES ('S', 9880, 2);
INSERT INTO product_attributes (attribute_value, product_id, attribute_id) VALUES ('denim', 9880, 3);
INSERT INTO stock (product_id, quantity, warehouse_location) VALUES (9880, 97, 'C9');
INSERT INTO products (id, description, name, price, sku, supplier_id, category_id, brand_id) VALUES (9881, 'denim Jacket', 'Denim Jacket', 27.1, 'SKU09881', 9, 3, 4);
INSERT INTO images (id, alt_text, image_url, product_id) VALUES (19761, 'Jacket front view', 'https://example.com/sku09881-front.jpg', 9881);
INSERT INTO images (id, alt_text, image_url, product_id) VALUES (19762, 'Jacket back view', 'https://example.com/sku09881-back.jpg', 9881);
INSERT INTO product_attributes (attribute_value, product_id, attribute_id) VALUES ('Black', 9881, 1);
INSERT INTO product_attributes (attribute_value, product_id, attribute_id) VALUES ('S', 9881, 2);
INSERT INTO product_attributes (attribute_value, product_id, attribute_id) VALUES ('wool', 9881, 3);
INSERT INTO stock (product_id, quantity, warehouse_location) VALUES (9881, 123, 'A6');
INSERT INTO products (id, description, name, price, sku, supplier_id, category_id, brand_id) VALUES (9882, 'cotton Sweater', 'Cotton Sweater', 41.42, 'SKU09882', 3, 2, 5);
INSERT INTO images (id, alt_text, image_url, product_id) VALUES (19763, 'Sweater front view', 'https://example.com/sku09882-front.jpg', 9882);
INSERT INTO images (id, alt_text, image_url, product_id) VALUES (19764, 'Sweater back view', 'https://example.com/sku09882-back.jpg', 9882);
INSERT INTO product_attributes (attribute_value, product_id, attribute_id) VALUES ('White', 9882, 1);
INSERT INTO product_attributes (attribute_value, product_id, attribute_id) VALUES ('M', 9882, 2);
INSERT INTO product_attributes (attribute_value, product_id, attribute_id) VALUES ('cotton', 9882, 3);
INSERT INTO stock (product_id, quantity, warehouse_location) VALUES (9882, 114, 'A1');
INSERT INTO products (id, description, name, price, sku, supplier_id, category_id, brand_id) VALUES (9883, 'cotton T-Shirt', 'Cotton T-Shirt', 51.13, 'SKU09883', 2, 4, 2);
INSERT INTO images (id, alt_text, image_url, product_id) VALUES (19765, 'T-Shirt front view', 'https://example.com/sku09883-front.jpg', 9883);
INSERT INTO images (id, alt_text, image_url, product_id) VALUES (19766, 'T-Shirt back view', 'https://example.com/sku09883-back.jpg', 9883);
INSERT INTO product_attributes (attribute_value, product_id, attribute_id) VALUES ('Red', 9883, 1);
INSERT INTO product_attributes (attribute_value, product_id, attribute_id) VALUES ('S', 9883, 2);
INSERT INTO product_attributes (attribute_value, product_id, attribute_id) VALUES ('cotton', 9883, 3);
INSERT INTO stock (product_id, quantity, warehouse_location) VALUES (9883, 167, 'A1');
INSERT INTO products (id, description, name, price, sku, supplier_id, category_id, brand_id) VALUES (9884, 'denim Jeans', 'Denim Jeans', 94.99, 'SKU09884', 8, 1, 1);
INSERT INTO images (id, alt_text, image_url, product_id) VALUES (19767, 'Jeans front view', 'https://example.com/sku09884-front.jpg', 9884);
INSERT INTO images (id, alt_text, image_url, product_id) VALUES (19768, 'Jeans back view', 'https://example.com/sku09884-back.jpg', 9884);
INSERT INTO product_attributes (attribute_value, product_id, attribute_id) VALUES ('Green', 9884, 1);
INSERT INTO product_attributes (attribute_value, product_id, attribute_id) VALUES ('XXL', 9884, 2);
INSERT INTO product_attributes (attribute_value, product_id, attribute_id) VALUES ('denim', 9884, 3);
INSERT INTO stock (product_id, quantity, warehouse_location) VALUES (9884, 168, 'C2');
INSERT INTO products (id, description, name, price, sku, supplier_id, category_id, brand_id) VALUES (9885, 'linen Jacket', 'Linen Jacket', 12.37, 'SKU09885', 6, 3, 3);
INSERT INTO images (id, alt_text, image_url, product_id) VALUES (19769, 'Jacket front view', 'https://example.com/sku09885-front.jpg', 9885);
INSERT INTO images (id, alt_text, image_url, product_id) VALUES (19770, 'Jacket back view', 'https://example.com/sku09885-back.jpg', 9885);
INSERT INTO product_attributes (attribute_value, product_id, attribute_id) VALUES ('White', 9885, 1);
INSERT INTO product_attributes (attribute_value, product_id, attribute_id) VALUES ('XXL', 9885, 2);
INSERT INTO product_attributes (attribute_value, product_id, attribute_id) VALUES ('cotton', 9885, 3);
INSERT INTO stock (product_id, quantity, warehouse_location) VALUES (9885, 152, 'A3');
INSERT INTO products (id, description, name, price, sku, supplier_id, category_id, brand_id) VALUES (9886, 'linen T-Shirt', 'Linen T-Shirt', 35.73, 'SKU09886', 4, 4, 3);
INSERT INTO images (id, alt_text, image_url, product_id) VALUES (19771, 'T-Shirt front view', 'https://example.com/sku09886-front.jpg', 9886);
INSERT INTO images (id, alt_text, image_url, product_id) VALUES (19772, 'T-Shirt back view', 'https://example.com/sku09886-back.jpg', 9886);
INSERT INTO product_attributes (attribute_value, product_id, attribute_id) VALUES ('Blue', 9886, 1);
INSERT INTO product_attributes (attribute_value, product_id, attribute_id) VALUES ('M', 9886, 2);
INSERT INTO product_attributes (attribute_value, product_id, attribute_id) VALUES ('silk', 9886, 3);
INSERT INTO stock (product_id, quantity, warehouse_location) VALUES (9886, 42, 'C6');
INSERT INTO products (id, description, name, price, sku, supplier_id, category_id, brand_id) VALUES (9887, 'denim Sweater', 'Denim Sweater', 38.97, 'SKU09887', 6, 2, 1);
INSERT INTO images (id, alt_text, image_url, product_id) VALUES (19773, 'Sweater front view', 'https://example.com/sku09887-front.jpg', 9887);
INSERT INTO images (id, alt_text, image_url, product_id) VALUES (19774, 'Sweater back view', 'https://example.com/sku09887-back.jpg', 9887);
INSERT INTO product_attributes (attribute_value, product_id, attribute_id) VALUES ('Red', 9887, 1);
INSERT INTO product_attributes (attribute_value, product_id, attribute_id) VALUES ('L', 9887, 2);
INSERT INTO product_attributes (attribute_value, product_id, attribute_id) VALUES ('denim', 9887, 3);
INSERT INTO stock (product_id, quantity, warehouse_location) VALUES (9887, 134, 'B3');
INSERT INTO products (id, description, name, price, sku, supplier_id, category_id, brand_id) VALUES (9888, 'wool Shirt', 'Wool Shirt', 42.01, 'SKU09888', 7, 3, 4);
INSERT INTO images (id, alt_text, image_url, product_id) VALUES (19775, 'Shirt front view', 'https://example.com/sku09888-front.jpg', 9888);
INSERT INTO images (id, alt_text, image_url, product_id) VALUES (19776, 'Shirt back view', 'https://example.com/sku09888-back.jpg', 9888);
INSERT INTO product_attributes (attribute_value, product_id, attribute_id) VALUES ('White', 9888, 1);
INSERT INTO product_attributes (attribute_value, product_id, attribute_id) VALUES ('S', 9888, 2);
INSERT INTO product_attributes (attribute_value, product_id, attribute_id) VALUES ('silk', 9888, 3);
INSERT INTO stock (product_id, quantity, warehouse_location) VALUES (9888, 10, 'C7');
INSERT INTO products (id, description, name, price, sku, supplier_id, category_id, brand_id) VALUES (9889, 'denim Shirt', 'Denim Shirt', 92.02, 'SKU09889', 6, 1, 5);
INSERT INTO images (id, alt_text, image_url, product_id) VALUES (19777, 'Shirt front view', 'https://example.com/sku09889-front.jpg', 9889);
INSERT INTO images (id, alt_text, image_url, product_id) VALUES (19778, 'Shirt back view', 'https://example.com/sku09889-back.jpg', 9889);
INSERT INTO product_attributes (attribute_value, product_id, attribute_id) VALUES ('White', 9889, 1);
INSERT INTO product_attributes (attribute_value, product_id, attribute_id) VALUES ('S', 9889, 2);
INSERT INTO product_attributes (attribute_value, product_id, attribute_id) VALUES ('cotton', 9889, 3);
INSERT INTO stock (product_id, quantity, warehouse_location) VALUES (9889, 113, 'C1');
INSERT INTO products (id, description, name, price, sku, supplier_id, category_id, brand_id) VALUES (9890, 'denim Jeans', 'Denim Jeans', 57.68, 'SKU09890', 4, 3, 4);
INSERT INTO images (id, alt_text, image_url, product_id) VALUES (19779, 'Jeans front view', 'https://example.com/sku09890-front.jpg', 9890);
INSERT INTO images (id, alt_text, image_url, product_id) VALUES (19780, 'Jeans back view', 'https://example.com/sku09890-back.jpg', 9890);
INSERT INTO product_attributes (attribute_value, product_id, attribute_id) VALUES ('White', 9890, 1);
INSERT INTO product_attributes (attribute_value, product_id, attribute_id) VALUES ('M', 9890, 2);
INSERT INTO product_attributes (attribute_value, product_id, attribute_id) VALUES ('cotton', 9890, 3);
INSERT INTO stock (product_id, quantity, warehouse_location) VALUES (9890, 138, 'A6');
INSERT INTO products (id, description, name, price, sku, supplier_id, category_id, brand_id) VALUES (9891, 'cotton T-Shirt', 'Cotton T-Shirt', 53.38, 'SKU09891', 4, 4, 5);
INSERT INTO images (id, alt_text, image_url, product_id) VALUES (19781, 'T-Shirt front view', 'https://example.com/sku09891-front.jpg', 9891);
INSERT INTO images (id, alt_text, image_url, product_id) VALUES (19782, 'T-Shirt back view', 'https://example.com/sku09891-back.jpg', 9891);
INSERT INTO product_attributes (attribute_value, product_id, attribute_id) VALUES ('Green', 9891, 1);
INSERT INTO product_attributes (attribute_value, product_id, attribute_id) VALUES ('S', 9891, 2);
INSERT INTO product_attributes (attribute_value, product_id, attribute_id) VALUES ('silk', 9891, 3);
INSERT INTO stock (product_id, quantity, warehouse_location) VALUES (9891, 65, 'B3');
INSERT INTO products (id, description, name, price, sku, supplier_id, category_id, brand_id) VALUES (9892, 'denim Sweater', 'Denim Sweater', 13.34, 'SKU09892', 10, 4, 5);
INSERT INTO images (id, alt_text, image_url, product_id) VALUES (19783, 'Sweater front view', 'https://example.com/sku09892-front.jpg', 9892);
INSERT INTO images (id, alt_text, image_url, product_id) VALUES (19784, 'Sweater back view', 'https://example.com/sku09892-back.jpg', 9892);
INSERT INTO product_attributes (attribute_value, product_id, attribute_id) VALUES ('Red', 9892, 1);
INSERT INTO product_attributes (attribute_value, product_id, attribute_id) VALUES ('XL', 9892, 2);
INSERT INTO product_attributes (attribute_value, product_id, attribute_id) VALUES ('silk', 9892, 3);
INSERT INTO stock (product_id, quantity, warehouse_location) VALUES (9892, 71, 'B3');
INSERT INTO products (id, description, name, price, sku, supplier_id, category_id, brand_id) VALUES (9893, 'denim Sweater', 'Denim Sweater', 10.78, 'SKU09893', 7, 4, 5);
INSERT INTO images (id, alt_text, image_url, product_id) VALUES (19785, 'Sweater front view', 'https://example.com/sku09893-front.jpg', 9893);
INSERT INTO images (id, alt_text, image_url, product_id) VALUES (19786, 'Sweater back view', 'https://example.com/sku09893-back.jpg', 9893);
INSERT INTO product_attributes (attribute_value, product_id, attribute_id) VALUES ('Blue', 9893, 1);
INSERT INTO product_attributes (attribute_value, product_id, attribute_id) VALUES ('M', 9893, 2);
INSERT INTO product_attributes (attribute_value, product_id, attribute_id) VALUES ('silk', 9893, 3);
INSERT INTO stock (product_id, quantity, warehouse_location) VALUES (9893, 42, 'A5');
INSERT INTO products (id, description, name, price, sku, supplier_id, category_id, brand_id) VALUES (9894, 'cotton Jacket', 'Cotton Jacket', 50.49, 'SKU09894', 7, 1, 1);
INSERT INTO images (id, alt_text, image_url, product_id) VALUES (19787, 'Jacket front view', 'https://example.com/sku09894-front.jpg', 9894);
INSERT INTO images (id, alt_text, image_url, product_id) VALUES (19788, 'Jacket back view', 'https://example.com/sku09894-back.jpg', 9894);
INSERT INTO product_attributes (attribute_value, product_id, attribute_id) VALUES ('Red', 9894, 1);
INSERT INTO product_attributes (attribute_value, product_id, attribute_id) VALUES ('XXL', 9894, 2);
INSERT INTO product_attributes (attribute_value, product_id, attribute_id) VALUES ('denim', 9894, 3);
INSERT INTO stock (product_id, quantity, warehouse_location) VALUES (9894, 73, 'A10');
INSERT INTO products (id, description, name, price, sku, supplier_id, category_id, brand_id) VALUES (9895, 'linen Jeans', 'Linen Jeans', 74.14, 'SKU09895', 8, 2, 2);
INSERT INTO images (id, alt_text, image_url, product_id) VALUES (19789, 'Jeans front view', 'https://example.com/sku09895-front.jpg', 9895);
INSERT INTO images (id, alt_text, image_url, product_id) VALUES (19790, 'Jeans back view', 'https://example.com/sku09895-back.jpg', 9895);
INSERT INTO product_attributes (attribute_value, product_id, attribute_id) VALUES ('Black', 9895, 1);
INSERT INTO product_attributes (attribute_value, product_id, attribute_id) VALUES ('S', 9895, 2);
INSERT INTO product_attributes (attribute_value, product_id, attribute_id) VALUES ('silk', 9895, 3);
INSERT INTO stock (product_id, quantity, warehouse_location) VALUES (9895, 57, 'A1');
INSERT INTO products (id, description, name, price, sku, supplier_id, category_id, brand_id) VALUES (9896, 'cotton T-Shirt', 'Cotton T-Shirt', 65.06, 'SKU09896', 7, 4, 5);
INSERT INTO images (id, alt_text, image_url, product_id) VALUES (19791, 'T-Shirt front view', 'https://example.com/sku09896-front.jpg', 9896);
INSERT INTO images (id, alt_text, image_url, product_id) VALUES (19792, 'T-Shirt back view', 'https://example.com/sku09896-back.jpg', 9896);
INSERT INTO product_attributes (attribute_value, product_id, attribute_id) VALUES ('Red', 9896, 1);
INSERT INTO product_attributes (attribute_value, product_id, attribute_id) VALUES ('XXL', 9896, 2);
INSERT INTO product_attributes (attribute_value, product_id, attribute_id) VALUES ('denim', 9896, 3);
INSERT INTO stock (product_id, quantity, warehouse_location) VALUES (9896, 79, 'A4');
INSERT INTO products (id, description, name, price, sku, supplier_id, category_id, brand_id) VALUES (9897, 'linen Jeans', 'Linen Jeans', 27.23, 'SKU09897', 2, 2, 4);
INSERT INTO images (id, alt_text, image_url, product_id) VALUES (19793, 'Jeans front view', 'https://example.com/sku09897-front.jpg', 9897);
INSERT INTO images (id, alt_text, image_url, product_id) VALUES (19794, 'Jeans back view', 'https://example.com/sku09897-back.jpg', 9897);
INSERT INTO product_attributes (attribute_value, product_id, attribute_id) VALUES ('Green', 9897, 1);
INSERT INTO product_attributes (attribute_value, product_id, attribute_id) VALUES ('L', 9897, 2);
INSERT INTO product_attributes (attribute_value, product_id, attribute_id) VALUES ('silk', 9897, 3);
INSERT INTO stock (product_id, quantity, warehouse_location) VALUES (9897, 120, 'B7');
INSERT INTO products (id, description, name, price, sku, supplier_id, category_id, brand_id) VALUES (9898, 'silk T-Shirt', 'Silk T-Shirt', 88.57, 'SKU09898', 6, 2, 3);
INSERT INTO images (id, alt_text, image_url, product_id) VALUES (19795, 'T-Shirt front view', 'https://example.com/sku09898-front.jpg', 9898);
INSERT INTO images (id, alt_text, image_url, product_id) VALUES (19796, 'T-Shirt back view', 'https://example.com/sku09898-back.jpg', 9898);
INSERT INTO product_attributes (attribute_value, product_id, attribute_id) VALUES ('Red', 9898, 1);
INSERT INTO product_attributes (attribute_value, product_id, attribute_id) VALUES ('XXL', 9898, 2);
INSERT INTO product_attributes (attribute_value, product_id, attribute_id) VALUES ('denim', 9898, 3);
INSERT INTO stock (product_id, quantity, warehouse_location) VALUES (9898, 132, 'C8');
INSERT INTO products (id, description, name, price, sku, supplier_id, category_id, brand_id) VALUES (9899, 'denim Shirt', 'Denim Shirt', 50.59, 'SKU09899', 10, 1, 4);
INSERT INTO images (id, alt_text, image_url, product_id) VALUES (19797, 'Shirt front view', 'https://example.com/sku09899-front.jpg', 9899);
INSERT INTO images (id, alt_text, image_url, product_id) VALUES (19798, 'Shirt back view', 'https://example.com/sku09899-back.jpg', 9899);
INSERT INTO product_attributes (attribute_value, product_id, attribute_id) VALUES ('Green', 9899, 1);
INSERT INTO product_attributes (attribute_value, product_id, attribute_id) VALUES ('XXL', 9899, 2);
INSERT INTO product_attributes (attribute_value, product_id, attribute_id) VALUES ('cotton', 9899, 3);
INSERT INTO stock (product_id, quantity, warehouse_location) VALUES (9899, 34, 'B9');
INSERT INTO products (id, description, name, price, sku, supplier_id, category_id, brand_id) VALUES (9900, 'wool Jeans', 'Wool Jeans', 75.47, 'SKU09900', 9, 2, 5);
INSERT INTO images (id, alt_text, image_url, product_id) VALUES (19799, 'Jeans front view', 'https://example.com/sku09900-front.jpg', 9900);
INSERT INTO images (id, alt_text, image_url, product_id) VALUES (19800, 'Jeans back view', 'https://example.com/sku09900-back.jpg', 9900);
INSERT INTO product_attributes (attribute_value, product_id, attribute_id) VALUES ('Red', 9900, 1);
INSERT INTO product_attributes (attribute_value, product_id, attribute_id) VALUES ('XXL', 9900, 2);
INSERT INTO product_attributes (attribute_value, product_id, attribute_id) VALUES ('linen', 9900, 3);
INSERT INTO stock (product_id, quantity, warehouse_location) VALUES (9900, 123, 'B7');
INSERT INTO products (id, description, name, price, sku, supplier_id, category_id, brand_id) VALUES (9901, 'wool Jeans', 'Wool Jeans', 87.27, 'SKU09901', 4, 3, 3);
INSERT INTO images (id, alt_text, image_url, product_id) VALUES (19801, 'Jeans front view', 'https://example.com/sku09901-front.jpg', 9901);
INSERT INTO images (id, alt_text, image_url, product_id) VALUES (19802, 'Jeans back view', 'https://example.com/sku09901-back.jpg', 9901);
INSERT INTO product_attributes (attribute_value, product_id, attribute_id) VALUES ('Blue', 9901, 1);
INSERT INTO product_attributes (attribute_value, product_id, attribute_id) VALUES ('S', 9901, 2);
INSERT INTO product_attributes (attribute_value, product_id, attribute_id) VALUES ('cotton', 9901, 3);
INSERT INTO stock (product_id, quantity, warehouse_location) VALUES (9901, 131, 'A7');
INSERT INTO products (id, description, name, price, sku, supplier_id, category_id, brand_id) VALUES (9902, 'cotton Shirt', 'Cotton Shirt', 60.72, 'SKU09902', 7, 2, 5);
INSERT INTO images (id, alt_text, image_url, product_id) VALUES (19803, 'Shirt front view', 'https://example.com/sku09902-front.jpg', 9902);
INSERT INTO images (id, alt_text, image_url, product_id) VALUES (19804, 'Shirt back view', 'https://example.com/sku09902-back.jpg', 9902);
INSERT INTO product_attributes (attribute_value, product_id, attribute_id) VALUES ('White', 9902, 1);
INSERT INTO product_attributes (attribute_value, product_id, attribute_id) VALUES ('S', 9902, 2);
INSERT INTO product_attributes (attribute_value, product_id, attribute_id) VALUES ('cotton', 9902, 3);
INSERT INTO stock (product_id, quantity, warehouse_location) VALUES (9902, 136, 'C5');
INSERT INTO products (id, description, name, price, sku, supplier_id, category_id, brand_id) VALUES (9903, 'linen Shirt', 'Linen Shirt', 41.47, 'SKU09903', 2, 2, 4);
INSERT INTO images (id, alt_text, image_url, product_id) VALUES (19805, 'Shirt front view', 'https://example.com/sku09903-front.jpg', 9903);
INSERT INTO images (id, alt_text, image_url, product_id) VALUES (19806, 'Shirt back view', 'https://example.com/sku09903-back.jpg', 9903);
INSERT INTO product_attributes (attribute_value, product_id, attribute_id) VALUES ('Blue', 9903, 1);
INSERT INTO product_attributes (attribute_value, product_id, attribute_id) VALUES ('XL', 9903, 2);
INSERT INTO product_attributes (attribute_value, product_id, attribute_id) VALUES ('silk', 9903, 3);
INSERT INTO stock (product_id, quantity, warehouse_location) VALUES (9903, 188, 'A7');
INSERT INTO products (id, description, name, price, sku, supplier_id, category_id, brand_id) VALUES (9904, 'linen Jacket', 'Linen Jacket', 76.81, 'SKU09904', 10, 4, 3);
INSERT INTO images (id, alt_text, image_url, product_id) VALUES (19807, 'Jacket front view', 'https://example.com/sku09904-front.jpg', 9904);
INSERT INTO images (id, alt_text, image_url, product_id) VALUES (19808, 'Jacket back view', 'https://example.com/sku09904-back.jpg', 9904);
INSERT INTO product_attributes (attribute_value, product_id, attribute_id) VALUES ('Blue', 9904, 1);
INSERT INTO product_attributes (attribute_value, product_id, attribute_id) VALUES ('S', 9904, 2);
INSERT INTO product_attributes (attribute_value, product_id, attribute_id) VALUES ('cotton', 9904, 3);
INSERT INTO stock (product_id, quantity, warehouse_location) VALUES (9904, 92, 'C1');
INSERT INTO products (id, description, name, price, sku, supplier_id, category_id, brand_id) VALUES (9905, 'wool Sweater', 'Wool Sweater', 17.8, 'SKU09905', 2, 2, 3);
INSERT INTO images (id, alt_text, image_url, product_id) VALUES (19809, 'Sweater front view', 'https://example.com/sku09905-front.jpg', 9905);
INSERT INTO images (id, alt_text, image_url, product_id) VALUES (19810, 'Sweater back view', 'https://example.com/sku09905-back.jpg', 9905);
INSERT INTO product_attributes (attribute_value, product_id, attribute_id) VALUES ('Black', 9905, 1);
INSERT INTO product_attributes (attribute_value, product_id, attribute_id) VALUES ('S', 9905, 2);
INSERT INTO product_attributes (attribute_value, product_id, attribute_id) VALUES ('linen', 9905, 3);
INSERT INTO stock (product_id, quantity, warehouse_location) VALUES (9905, 48, 'B6');
INSERT INTO products (id, description, name, price, sku, supplier_id, category_id, brand_id) VALUES (9906, 'silk Jeans', 'Silk Jeans', 66.97, 'SKU09906', 2, 3, 2);
INSERT INTO images (id, alt_text, image_url, product_id) VALUES (19811, 'Jeans front view', 'https://example.com/sku09906-front.jpg', 9906);
INSERT INTO images (id, alt_text, image_url, product_id) VALUES (19812, 'Jeans back view', 'https://example.com/sku09906-back.jpg', 9906);
INSERT INTO product_attributes (attribute_value, product_id, attribute_id) VALUES ('Green', 9906, 1);
INSERT INTO product_attributes (attribute_value, product_id, attribute_id) VALUES ('S', 9906, 2);
INSERT INTO product_attributes (attribute_value, product_id, attribute_id) VALUES ('denim', 9906, 3);
INSERT INTO stock (product_id, quantity, warehouse_location) VALUES (9906, 176, 'C6');
INSERT INTO products (id, description, name, price, sku, supplier_id, category_id, brand_id) VALUES (9907, 'linen Jeans', 'Linen Jeans', 34.56, 'SKU09907', 9, 3, 2);
INSERT INTO images (id, alt_text, image_url, product_id) VALUES (19813, 'Jeans front view', 'https://example.com/sku09907-front.jpg', 9907);
INSERT INTO images (id, alt_text, image_url, product_id) VALUES (19814, 'Jeans back view', 'https://example.com/sku09907-back.jpg', 9907);
INSERT INTO product_attributes (attribute_value, product_id, attribute_id) VALUES ('Green', 9907, 1);
INSERT INTO product_attributes (attribute_value, product_id, attribute_id) VALUES ('S', 9907, 2);
INSERT INTO product_attributes (attribute_value, product_id, attribute_id) VALUES ('silk', 9907, 3);
INSERT INTO stock (product_id, quantity, warehouse_location) VALUES (9907, 162, 'C9');
INSERT INTO products (id, description, name, price, sku, supplier_id, category_id, brand_id) VALUES (9908, 'silk Jacket', 'Silk Jacket', 70.75, 'SKU09908', 1, 3, 2);
INSERT INTO images (id, alt_text, image_url, product_id) VALUES (19815, 'Jacket front view', 'https://example.com/sku09908-front.jpg', 9908);
INSERT INTO images (id, alt_text, image_url, product_id) VALUES (19816, 'Jacket back view', 'https://example.com/sku09908-back.jpg', 9908);
INSERT INTO product_attributes (attribute_value, product_id, attribute_id) VALUES ('Black', 9908, 1);
INSERT INTO product_attributes (attribute_value, product_id, attribute_id) VALUES ('L', 9908, 2);
INSERT INTO product_attributes (attribute_value, product_id, attribute_id) VALUES ('linen', 9908, 3);
INSERT INTO stock (product_id, quantity, warehouse_location) VALUES (9908, 39, 'A1');
INSERT INTO products (id, description, name, price, sku, supplier_id, category_id, brand_id) VALUES (9909, 'denim Sweater', 'Denim Sweater', 98.19, 'SKU09909', 8, 2, 5);
INSERT INTO images (id, alt_text, image_url, product_id) VALUES (19817, 'Sweater front view', 'https://example.com/sku09909-front.jpg', 9909);
INSERT INTO images (id, alt_text, image_url, product_id) VALUES (19818, 'Sweater back view', 'https://example.com/sku09909-back.jpg', 9909);
INSERT INTO product_attributes (attribute_value, product_id, attribute_id) VALUES ('Green', 9909, 1);
INSERT INTO product_attributes (attribute_value, product_id, attribute_id) VALUES ('XL', 9909, 2);
INSERT INTO product_attributes (attribute_value, product_id, attribute_id) VALUES ('silk', 9909, 3);
INSERT INTO stock (product_id, quantity, warehouse_location) VALUES (9909, 146, 'C8');
INSERT INTO products (id, description, name, price, sku, supplier_id, category_id, brand_id) VALUES (9910, 'silk Shirt', 'Silk Shirt', 18.3, 'SKU09910', 3, 4, 2);
INSERT INTO images (id, alt_text, image_url, product_id) VALUES (19819, 'Shirt front view', 'https://example.com/sku09910-front.jpg', 9910);
INSERT INTO images (id, alt_text, image_url, product_id) VALUES (19820, 'Shirt back view', 'https://example.com/sku09910-back.jpg', 9910);
INSERT INTO product_attributes (attribute_value, product_id, attribute_id) VALUES ('Red', 9910, 1);
INSERT INTO product_attributes (attribute_value, product_id, attribute_id) VALUES ('XXL', 9910, 2);
INSERT INTO product_attributes (attribute_value, product_id, attribute_id) VALUES ('linen', 9910, 3);
INSERT INTO stock (product_id, quantity, warehouse_location) VALUES (9910, 29, 'C6');
INSERT INTO products (id, description, name, price, sku, supplier_id, category_id, brand_id) VALUES (9911, 'cotton Jacket', 'Cotton Jacket', 28.62, 'SKU09911', 9, 1, 1);
INSERT INTO images (id, alt_text, image_url, product_id) VALUES (19821, 'Jacket front view', 'https://example.com/sku09911-front.jpg', 9911);
INSERT INTO images (id, alt_text, image_url, product_id) VALUES (19822, 'Jacket back view', 'https://example.com/sku09911-back.jpg', 9911);
INSERT INTO product_attributes (attribute_value, product_id, attribute_id) VALUES ('Blue', 9911, 1);
INSERT INTO product_attributes (attribute_value, product_id, attribute_id) VALUES ('XXL', 9911, 2);
INSERT INTO product_attributes (attribute_value, product_id, attribute_id) VALUES ('denim', 9911, 3);
INSERT INTO stock (product_id, quantity, warehouse_location) VALUES (9911, 65, 'A3');
INSERT INTO products (id, description, name, price, sku, supplier_id, category_id, brand_id) VALUES (9912, 'cotton T-Shirt', 'Cotton T-Shirt', 71.5, 'SKU09912', 2, 4, 3);
INSERT INTO images (id, alt_text, image_url, product_id) VALUES (19823, 'T-Shirt front view', 'https://example.com/sku09912-front.jpg', 9912);
INSERT INTO images (id, alt_text, image_url, product_id) VALUES (19824, 'T-Shirt back view', 'https://example.com/sku09912-back.jpg', 9912);
INSERT INTO product_attributes (attribute_value, product_id, attribute_id) VALUES ('White', 9912, 1);
INSERT INTO product_attributes (attribute_value, product_id, attribute_id) VALUES ('XL', 9912, 2);
INSERT INTO product_attributes (attribute_value, product_id, attribute_id) VALUES ('cotton', 9912, 3);
INSERT INTO stock (product_id, quantity, warehouse_location) VALUES (9912, 106, 'B8');
INSERT INTO products (id, description, name, price, sku, supplier_id, category_id, brand_id) VALUES (9913, 'linen Sweater', 'Linen Sweater', 53.77, 'SKU09913', 3, 2, 3);
INSERT INTO images (id, alt_text, image_url, product_id) VALUES (19825, 'Sweater front view', 'https://example.com/sku09913-front.jpg', 9913);
INSERT INTO images (id, alt_text, image_url, product_id) VALUES (19826, 'Sweater back view', 'https://example.com/sku09913-back.jpg', 9913);
INSERT INTO product_attributes (attribute_value, product_id, attribute_id) VALUES ('Red', 9913, 1);
INSERT INTO product_attributes (attribute_value, product_id, attribute_id) VALUES ('XXL', 9913, 2);
INSERT INTO product_attributes (attribute_value, product_id, attribute_id) VALUES ('cotton', 9913, 3);
INSERT INTO stock (product_id, quantity, warehouse_location) VALUES (9913, 157, 'C4');
INSERT INTO products (id, description, name, price, sku, supplier_id, category_id, brand_id) VALUES (9914, 'silk Shirt', 'Silk Shirt', 31.54, 'SKU09914', 6, 4, 3);
INSERT INTO images (id, alt_text, image_url, product_id) VALUES (19827, 'Shirt front view', 'https://example.com/sku09914-front.jpg', 9914);
INSERT INTO images (id, alt_text, image_url, product_id) VALUES (19828, 'Shirt back view', 'https://example.com/sku09914-back.jpg', 9914);
INSERT INTO product_attributes (attribute_value, product_id, attribute_id) VALUES ('Red', 9914, 1);
INSERT INTO product_attributes (attribute_value, product_id, attribute_id) VALUES ('M', 9914, 2);
INSERT INTO product_attributes (attribute_value, product_id, attribute_id) VALUES ('linen', 9914, 3);
INSERT INTO stock (product_id, quantity, warehouse_location) VALUES (9914, 185, 'B5');
INSERT INTO products (id, description, name, price, sku, supplier_id, category_id, brand_id) VALUES (9915, 'silk Sweater', 'Silk Sweater', 69.45, 'SKU09915', 2, 4, 2);
INSERT INTO images (id, alt_text, image_url, product_id) VALUES (19829, 'Sweater front view', 'https://example.com/sku09915-front.jpg', 9915);
INSERT INTO images (id, alt_text, image_url, product_id) VALUES (19830, 'Sweater back view', 'https://example.com/sku09915-back.jpg', 9915);
INSERT INTO product_attributes (attribute_value, product_id, attribute_id) VALUES ('Green', 9915, 1);
INSERT INTO product_attributes (attribute_value, product_id, attribute_id) VALUES ('XXL', 9915, 2);
INSERT INTO product_attributes (attribute_value, product_id, attribute_id) VALUES ('cotton', 9915, 3);
INSERT INTO stock (product_id, quantity, warehouse_location) VALUES (9915, 122, 'C5');
INSERT INTO products (id, description, name, price, sku, supplier_id, category_id, brand_id) VALUES (9916, 'silk Jacket', 'Silk Jacket', 81.89, 'SKU09916', 3, 1, 1);
INSERT INTO images (id, alt_text, image_url, product_id) VALUES (19831, 'Jacket front view', 'https://example.com/sku09916-front.jpg', 9916);
INSERT INTO images (id, alt_text, image_url, product_id) VALUES (19832, 'Jacket back view', 'https://example.com/sku09916-back.jpg', 9916);
INSERT INTO product_attributes (attribute_value, product_id, attribute_id) VALUES ('White', 9916, 1);
INSERT INTO product_attributes (attribute_value, product_id, attribute_id) VALUES ('XXL', 9916, 2);
INSERT INTO product_attributes (attribute_value, product_id, attribute_id) VALUES ('wool', 9916, 3);
INSERT INTO stock (product_id, quantity, warehouse_location) VALUES (9916, 118, 'B4');
INSERT INTO products (id, description, name, price, sku, supplier_id, category_id, brand_id) VALUES (9917, 'cotton Sweater', 'Cotton Sweater', 89.09, 'SKU09917', 4, 2, 4);
INSERT INTO images (id, alt_text, image_url, product_id) VALUES (19833, 'Sweater front view', 'https://example.com/sku09917-front.jpg', 9917);
INSERT INTO images (id, alt_text, image_url, product_id) VALUES (19834, 'Sweater back view', 'https://example.com/sku09917-back.jpg', 9917);
INSERT INTO product_attributes (attribute_value, product_id, attribute_id) VALUES ('White', 9917, 1);
INSERT INTO product_attributes (attribute_value, product_id, attribute_id) VALUES ('XXL', 9917, 2);
INSERT INTO product_attributes (attribute_value, product_id, attribute_id) VALUES ('cotton', 9917, 3);
INSERT INTO stock (product_id, quantity, warehouse_location) VALUES (9917, 117, 'A2');
INSERT INTO products (id, description, name, price, sku, supplier_id, category_id, brand_id) VALUES (9918, 'cotton Shirt', 'Cotton Shirt', 71.84, 'SKU09918', 5, 2, 5);
INSERT INTO images (id, alt_text, image_url, product_id) VALUES (19835, 'Shirt front view', 'https://example.com/sku09918-front.jpg', 9918);
INSERT INTO images (id, alt_text, image_url, product_id) VALUES (19836, 'Shirt back view', 'https://example.com/sku09918-back.jpg', 9918);
INSERT INTO product_attributes (attribute_value, product_id, attribute_id) VALUES ('Blue', 9918, 1);
INSERT INTO product_attributes (attribute_value, product_id, attribute_id) VALUES ('L', 9918, 2);
INSERT INTO product_attributes (attribute_value, product_id, attribute_id) VALUES ('linen', 9918, 3);
INSERT INTO stock (product_id, quantity, warehouse_location) VALUES (9918, 11, 'A5');
INSERT INTO products (id, description, name, price, sku, supplier_id, category_id, brand_id) VALUES (9919, 'wool Shirt', 'Wool Shirt', 67.49, 'SKU09919', 9, 1, 4);
INSERT INTO images (id, alt_text, image_url, product_id) VALUES (19837, 'Shirt front view', 'https://example.com/sku09919-front.jpg', 9919);
INSERT INTO images (id, alt_text, image_url, product_id) VALUES (19838, 'Shirt back view', 'https://example.com/sku09919-back.jpg', 9919);
INSERT INTO product_attributes (attribute_value, product_id, attribute_id) VALUES ('White', 9919, 1);
INSERT INTO product_attributes (attribute_value, product_id, attribute_id) VALUES ('L', 9919, 2);
INSERT INTO product_attributes (attribute_value, product_id, attribute_id) VALUES ('silk', 9919, 3);
INSERT INTO stock (product_id, quantity, warehouse_location) VALUES (9919, 196, 'B5');
INSERT INTO products (id, description, name, price, sku, supplier_id, category_id, brand_id) VALUES (9920, 'silk Jacket', 'Silk Jacket', 32.53, 'SKU09920', 7, 1, 3);
INSERT INTO images (id, alt_text, image_url, product_id) VALUES (19839, 'Jacket front view', 'https://example.com/sku09920-front.jpg', 9920);
INSERT INTO images (id, alt_text, image_url, product_id) VALUES (19840, 'Jacket back view', 'https://example.com/sku09920-back.jpg', 9920);
INSERT INTO product_attributes (attribute_value, product_id, attribute_id) VALUES ('White', 9920, 1);
INSERT INTO product_attributes (attribute_value, product_id, attribute_id) VALUES ('XL', 9920, 2);
INSERT INTO product_attributes (attribute_value, product_id, attribute_id) VALUES ('silk', 9920, 3);
INSERT INTO stock (product_id, quantity, warehouse_location) VALUES (9920, 135, 'B9');
INSERT INTO products (id, description, name, price, sku, supplier_id, category_id, brand_id) VALUES (9921, 'silk T-Shirt', 'Silk T-Shirt', 67.9, 'SKU09921', 2, 1, 4);
INSERT INTO images (id, alt_text, image_url, product_id) VALUES (19841, 'T-Shirt front view', 'https://example.com/sku09921-front.jpg', 9921);
INSERT INTO images (id, alt_text, image_url, product_id) VALUES (19842, 'T-Shirt back view', 'https://example.com/sku09921-back.jpg', 9921);
INSERT INTO product_attributes (attribute_value, product_id, attribute_id) VALUES ('Green', 9921, 1);
INSERT INTO product_attributes (attribute_value, product_id, attribute_id) VALUES ('L', 9921, 2);
INSERT INTO product_attributes (attribute_value, product_id, attribute_id) VALUES ('cotton', 9921, 3);
INSERT INTO stock (product_id, quantity, warehouse_location) VALUES (9921, 134, 'B3');
INSERT INTO products (id, description, name, price, sku, supplier_id, category_id, brand_id) VALUES (9922, 'denim Sweater', 'Denim Sweater', 80.38, 'SKU09922', 9, 2, 5);
INSERT INTO images (id, alt_text, image_url, product_id) VALUES (19843, 'Sweater front view', 'https://example.com/sku09922-front.jpg', 9922);
INSERT INTO images (id, alt_text, image_url, product_id) VALUES (19844, 'Sweater back view', 'https://example.com/sku09922-back.jpg', 9922);
INSERT INTO product_attributes (attribute_value, product_id, attribute_id) VALUES ('Green', 9922, 1);
INSERT INTO product_attributes (attribute_value, product_id, attribute_id) VALUES ('S', 9922, 2);
INSERT INTO product_attributes (attribute_value, product_id, attribute_id) VALUES ('silk', 9922, 3);
INSERT INTO stock (product_id, quantity, warehouse_location) VALUES (9922, 80, 'B9');
INSERT INTO products (id, description, name, price, sku, supplier_id, category_id, brand_id) VALUES (9923, 'wool Shirt', 'Wool Shirt', 64.77, 'SKU09923', 2, 1, 2);
INSERT INTO images (id, alt_text, image_url, product_id) VALUES (19845, 'Shirt front view', 'https://example.com/sku09923-front.jpg', 9923);
INSERT INTO images (id, alt_text, image_url, product_id) VALUES (19846, 'Shirt back view', 'https://example.com/sku09923-back.jpg', 9923);
INSERT INTO product_attributes (attribute_value, product_id, attribute_id) VALUES ('Red', 9923, 1);
INSERT INTO product_attributes (attribute_value, product_id, attribute_id) VALUES ('M', 9923, 2);
INSERT INTO product_attributes (attribute_value, product_id, attribute_id) VALUES ('silk', 9923, 3);
INSERT INTO stock (product_id, quantity, warehouse_location) VALUES (9923, 77, 'B1');
INSERT INTO products (id, description, name, price, sku, supplier_id, category_id, brand_id) VALUES (9924, 'wool Sweater', 'Wool Sweater', 69.77, 'SKU09924', 7, 4, 1);
INSERT INTO images (id, alt_text, image_url, product_id) VALUES (19847, 'Sweater front view', 'https://example.com/sku09924-front.jpg', 9924);
INSERT INTO images (id, alt_text, image_url, product_id) VALUES (19848, 'Sweater back view', 'https://example.com/sku09924-back.jpg', 9924);
INSERT INTO product_attributes (attribute_value, product_id, attribute_id) VALUES ('Blue', 9924, 1);
INSERT INTO product_attributes (attribute_value, product_id, attribute_id) VALUES ('M', 9924, 2);
INSERT INTO product_attributes (attribute_value, product_id, attribute_id) VALUES ('silk', 9924, 3);
INSERT INTO stock (product_id, quantity, warehouse_location) VALUES (9924, 105, 'A5');
INSERT INTO products (id, description, name, price, sku, supplier_id, category_id, brand_id) VALUES (9925, 'cotton Jeans', 'Cotton Jeans', 82.25, 'SKU09925', 4, 1, 3);
INSERT INTO images (id, alt_text, image_url, product_id) VALUES (19849, 'Jeans front view', 'https://example.com/sku09925-front.jpg', 9925);
INSERT INTO images (id, alt_text, image_url, product_id) VALUES (19850, 'Jeans back view', 'https://example.com/sku09925-back.jpg', 9925);
INSERT INTO product_attributes (attribute_value, product_id, attribute_id) VALUES ('Green', 9925, 1);
INSERT INTO product_attributes (attribute_value, product_id, attribute_id) VALUES ('L', 9925, 2);
INSERT INTO product_attributes (attribute_value, product_id, attribute_id) VALUES ('linen', 9925, 3);
INSERT INTO stock (product_id, quantity, warehouse_location) VALUES (9925, 147, 'B1');
INSERT INTO products (id, description, name, price, sku, supplier_id, category_id, brand_id) VALUES (9926, 'wool Jacket', 'Wool Jacket', 88.06, 'SKU09926', 2, 1, 1);
INSERT INTO images (id, alt_text, image_url, product_id) VALUES (19851, 'Jacket front view', 'https://example.com/sku09926-front.jpg', 9926);
INSERT INTO images (id, alt_text, image_url, product_id) VALUES (19852, 'Jacket back view', 'https://example.com/sku09926-back.jpg', 9926);
INSERT INTO product_attributes (attribute_value, product_id, attribute_id) VALUES ('Red', 9926, 1);
INSERT INTO product_attributes (attribute_value, product_id, attribute_id) VALUES ('M', 9926, 2);
INSERT INTO product_attributes (attribute_value, product_id, attribute_id) VALUES ('linen', 9926, 3);
INSERT INTO stock (product_id, quantity, warehouse_location) VALUES (9926, 186, 'B10');
INSERT INTO products (id, description, name, price, sku, supplier_id, category_id, brand_id) VALUES (9927, 'linen Jeans', 'Linen Jeans', 86.35, 'SKU09927', 3, 4, 5);
INSERT INTO images (id, alt_text, image_url, product_id) VALUES (19853, 'Jeans front view', 'https://example.com/sku09927-front.jpg', 9927);
INSERT INTO images (id, alt_text, image_url, product_id) VALUES (19854, 'Jeans back view', 'https://example.com/sku09927-back.jpg', 9927);
INSERT INTO product_attributes (attribute_value, product_id, attribute_id) VALUES ('White', 9927, 1);
INSERT INTO product_attributes (attribute_value, product_id, attribute_id) VALUES ('M', 9927, 2);
INSERT INTO product_attributes (attribute_value, product_id, attribute_id) VALUES ('silk', 9927, 3);
INSERT INTO stock (product_id, quantity, warehouse_location) VALUES (9927, 8, 'C1');
INSERT INTO products (id, description, name, price, sku, supplier_id, category_id, brand_id) VALUES (9928, 'silk Sweater', 'Silk Sweater', 54.17, 'SKU09928', 8, 3, 4);
INSERT INTO images (id, alt_text, image_url, product_id) VALUES (19855, 'Sweater front view', 'https://example.com/sku09928-front.jpg', 9928);
INSERT INTO images (id, alt_text, image_url, product_id) VALUES (19856, 'Sweater back view', 'https://example.com/sku09928-back.jpg', 9928);
INSERT INTO product_attributes (attribute_value, product_id, attribute_id) VALUES ('Red', 9928, 1);
INSERT INTO product_attributes (attribute_value, product_id, attribute_id) VALUES ('L', 9928, 2);
INSERT INTO product_attributes (attribute_value, product_id, attribute_id) VALUES ('silk', 9928, 3);
INSERT INTO stock (product_id, quantity, warehouse_location) VALUES (9928, 123, 'C5');
INSERT INTO products (id, description, name, price, sku, supplier_id, category_id, brand_id) VALUES (9929, 'silk Jeans', 'Silk Jeans', 46.61, 'SKU09929', 3, 2, 1);
INSERT INTO images (id, alt_text, image_url, product_id) VALUES (19857, 'Jeans front view', 'https://example.com/sku09929-front.jpg', 9929);
INSERT INTO images (id, alt_text, image_url, product_id) VALUES (19858, 'Jeans back view', 'https://example.com/sku09929-back.jpg', 9929);
INSERT INTO product_attributes (attribute_value, product_id, attribute_id) VALUES ('Red', 9929, 1);
INSERT INTO product_attributes (attribute_value, product_id, attribute_id) VALUES ('XXL', 9929, 2);
INSERT INTO product_attributes (attribute_value, product_id, attribute_id) VALUES ('denim', 9929, 3);
INSERT INTO stock (product_id, quantity, warehouse_location) VALUES (9929, 185, 'B9');
INSERT INTO products (id, description, name, price, sku, supplier_id, category_id, brand_id) VALUES (9930, 'cotton Jeans', 'Cotton Jeans', 77.1, 'SKU09930', 1, 2, 2);
INSERT INTO images (id, alt_text, image_url, product_id) VALUES (19859, 'Jeans front view', 'https://example.com/sku09930-front.jpg', 9930);
INSERT INTO images (id, alt_text, image_url, product_id) VALUES (19860, 'Jeans back view', 'https://example.com/sku09930-back.jpg', 9930);
INSERT INTO product_attributes (attribute_value, product_id, attribute_id) VALUES ('Black', 9930, 1);
INSERT INTO product_attributes (attribute_value, product_id, attribute_id) VALUES ('XL', 9930, 2);
INSERT INTO product_attributes (attribute_value, product_id, attribute_id) VALUES ('cotton', 9930, 3);
INSERT INTO stock (product_id, quantity, warehouse_location) VALUES (9930, 103, 'C6');
INSERT INTO products (id, description, name, price, sku, supplier_id, category_id, brand_id) VALUES (9931, 'wool T-Shirt', 'Wool T-Shirt', 29.16, 'SKU09931', 2, 2, 4);
INSERT INTO images (id, alt_text, image_url, product_id) VALUES (19861, 'T-Shirt front view', 'https://example.com/sku09931-front.jpg', 9931);
INSERT INTO images (id, alt_text, image_url, product_id) VALUES (19862, 'T-Shirt back view', 'https://example.com/sku09931-back.jpg', 9931);
INSERT INTO product_attributes (attribute_value, product_id, attribute_id) VALUES ('Black', 9931, 1);
INSERT INTO product_attributes (attribute_value, product_id, attribute_id) VALUES ('XXL', 9931, 2);
INSERT INTO product_attributes (attribute_value, product_id, attribute_id) VALUES ('cotton', 9931, 3);
INSERT INTO stock (product_id, quantity, warehouse_location) VALUES (9931, 156, 'A7');
INSERT INTO products (id, description, name, price, sku, supplier_id, category_id, brand_id) VALUES (9932, 'silk Jeans', 'Silk Jeans', 86.26, 'SKU09932', 10, 1, 5);
INSERT INTO images (id, alt_text, image_url, product_id) VALUES (19863, 'Jeans front view', 'https://example.com/sku09932-front.jpg', 9932);
INSERT INTO images (id, alt_text, image_url, product_id) VALUES (19864, 'Jeans back view', 'https://example.com/sku09932-back.jpg', 9932);
INSERT INTO product_attributes (attribute_value, product_id, attribute_id) VALUES ('Black', 9932, 1);
INSERT INTO product_attributes (attribute_value, product_id, attribute_id) VALUES ('S', 9932, 2);
INSERT INTO product_attributes (attribute_value, product_id, attribute_id) VALUES ('denim', 9932, 3);
INSERT INTO stock (product_id, quantity, warehouse_location) VALUES (9932, 88, 'B7');
INSERT INTO products (id, description, name, price, sku, supplier_id, category_id, brand_id) VALUES (9933, 'denim Jacket', 'Denim Jacket', 87.95, 'SKU09933', 8, 3, 3);
INSERT INTO images (id, alt_text, image_url, product_id) VALUES (19865, 'Jacket front view', 'https://example.com/sku09933-front.jpg', 9933);
INSERT INTO images (id, alt_text, image_url, product_id) VALUES (19866, 'Jacket back view', 'https://example.com/sku09933-back.jpg', 9933);
INSERT INTO product_attributes (attribute_value, product_id, attribute_id) VALUES ('Green', 9933, 1);
INSERT INTO product_attributes (attribute_value, product_id, attribute_id) VALUES ('XL', 9933, 2);
INSERT INTO product_attributes (attribute_value, product_id, attribute_id) VALUES ('wool', 9933, 3);
INSERT INTO stock (product_id, quantity, warehouse_location) VALUES (9933, 108, 'A4');
INSERT INTO products (id, description, name, price, sku, supplier_id, category_id, brand_id) VALUES (9934, 'linen Jeans', 'Linen Jeans', 21.29, 'SKU09934', 4, 2, 5);
INSERT INTO images (id, alt_text, image_url, product_id) VALUES (19867, 'Jeans front view', 'https://example.com/sku09934-front.jpg', 9934);
INSERT INTO images (id, alt_text, image_url, product_id) VALUES (19868, 'Jeans back view', 'https://example.com/sku09934-back.jpg', 9934);
INSERT INTO product_attributes (attribute_value, product_id, attribute_id) VALUES ('White', 9934, 1);
INSERT INTO product_attributes (attribute_value, product_id, attribute_id) VALUES ('XXL', 9934, 2);
INSERT INTO product_attributes (attribute_value, product_id, attribute_id) VALUES ('silk', 9934, 3);
INSERT INTO stock (product_id, quantity, warehouse_location) VALUES (9934, 30, 'A2');
INSERT INTO products (id, description, name, price, sku, supplier_id, category_id, brand_id) VALUES (9935, 'wool T-Shirt', 'Wool T-Shirt', 89.82, 'SKU09935', 8, 1, 3);
INSERT INTO images (id, alt_text, image_url, product_id) VALUES (19869, 'T-Shirt front view', 'https://example.com/sku09935-front.jpg', 9935);
INSERT INTO images (id, alt_text, image_url, product_id) VALUES (19870, 'T-Shirt back view', 'https://example.com/sku09935-back.jpg', 9935);
INSERT INTO product_attributes (attribute_value, product_id, attribute_id) VALUES ('Green', 9935, 1);
INSERT INTO product_attributes (attribute_value, product_id, attribute_id) VALUES ('XXL', 9935, 2);
INSERT INTO product_attributes (attribute_value, product_id, attribute_id) VALUES ('silk', 9935, 3);
INSERT INTO stock (product_id, quantity, warehouse_location) VALUES (9935, 182, 'A10');
INSERT INTO products (id, description, name, price, sku, supplier_id, category_id, brand_id) VALUES (9936, 'denim Jeans', 'Denim Jeans', 33.61, 'SKU09936', 5, 3, 1);
INSERT INTO images (id, alt_text, image_url, product_id) VALUES (19871, 'Jeans front view', 'https://example.com/sku09936-front.jpg', 9936);
INSERT INTO images (id, alt_text, image_url, product_id) VALUES (19872, 'Jeans back view', 'https://example.com/sku09936-back.jpg', 9936);
INSERT INTO product_attributes (attribute_value, product_id, attribute_id) VALUES ('Black', 9936, 1);
INSERT INTO product_attributes (attribute_value, product_id, attribute_id) VALUES ('S', 9936, 2);
INSERT INTO product_attributes (attribute_value, product_id, attribute_id) VALUES ('linen', 9936, 3);
INSERT INTO stock (product_id, quantity, warehouse_location) VALUES (9936, 189, 'B8');
INSERT INTO products (id, description, name, price, sku, supplier_id, category_id, brand_id) VALUES (9937, 'silk T-Shirt', 'Silk T-Shirt', 37.56, 'SKU09937', 5, 3, 5);
INSERT INTO images (id, alt_text, image_url, product_id) VALUES (19873, 'T-Shirt front view', 'https://example.com/sku09937-front.jpg', 9937);
INSERT INTO images (id, alt_text, image_url, product_id) VALUES (19874, 'T-Shirt back view', 'https://example.com/sku09937-back.jpg', 9937);
INSERT INTO product_attributes (attribute_value, product_id, attribute_id) VALUES ('Green', 9937, 1);
INSERT INTO product_attributes (attribute_value, product_id, attribute_id) VALUES ('XL', 9937, 2);
INSERT INTO product_attributes (attribute_value, product_id, attribute_id) VALUES ('silk', 9937, 3);
INSERT INTO stock (product_id, quantity, warehouse_location) VALUES (9937, 187, 'A5');
INSERT INTO products (id, description, name, price, sku, supplier_id, category_id, brand_id) VALUES (9938, 'linen Shirt', 'Linen Shirt', 42.31, 'SKU09938', 6, 3, 1);
INSERT INTO images (id, alt_text, image_url, product_id) VALUES (19875, 'Shirt front view', 'https://example.com/sku09938-front.jpg', 9938);
INSERT INTO images (id, alt_text, image_url, product_id) VALUES (19876, 'Shirt back view', 'https://example.com/sku09938-back.jpg', 9938);
INSERT INTO product_attributes (attribute_value, product_id, attribute_id) VALUES ('White', 9938, 1);
INSERT INTO product_attributes (attribute_value, product_id, attribute_id) VALUES ('XL', 9938, 2);
INSERT INTO product_attributes (attribute_value, product_id, attribute_id) VALUES ('cotton', 9938, 3);
INSERT INTO stock (product_id, quantity, warehouse_location) VALUES (9938, 29, 'C6');
INSERT INTO products (id, description, name, price, sku, supplier_id, category_id, brand_id) VALUES (9939, 'silk T-Shirt', 'Silk T-Shirt', 18.12, 'SKU09939', 4, 4, 1);
INSERT INTO images (id, alt_text, image_url, product_id) VALUES (19877, 'T-Shirt front view', 'https://example.com/sku09939-front.jpg', 9939);
INSERT INTO images (id, alt_text, image_url, product_id) VALUES (19878, 'T-Shirt back view', 'https://example.com/sku09939-back.jpg', 9939);
INSERT INTO product_attributes (attribute_value, product_id, attribute_id) VALUES ('Black', 9939, 1);
INSERT INTO product_attributes (attribute_value, product_id, attribute_id) VALUES ('L', 9939, 2);
INSERT INTO product_attributes (attribute_value, product_id, attribute_id) VALUES ('silk', 9939, 3);
INSERT INTO stock (product_id, quantity, warehouse_location) VALUES (9939, 118, 'B6');
INSERT INTO products (id, description, name, price, sku, supplier_id, category_id, brand_id) VALUES (9940, 'wool Shirt', 'Wool Shirt', 55.52, 'SKU09940', 2, 2, 4);
INSERT INTO images (id, alt_text, image_url, product_id) VALUES (19879, 'Shirt front view', 'https://example.com/sku09940-front.jpg', 9940);
INSERT INTO images (id, alt_text, image_url, product_id) VALUES (19880, 'Shirt back view', 'https://example.com/sku09940-back.jpg', 9940);
INSERT INTO product_attributes (attribute_value, product_id, attribute_id) VALUES ('Green', 9940, 1);
INSERT INTO product_attributes (attribute_value, product_id, attribute_id) VALUES ('M', 9940, 2);
INSERT INTO product_attributes (attribute_value, product_id, attribute_id) VALUES ('wool', 9940, 3);
INSERT INTO stock (product_id, quantity, warehouse_location) VALUES (9940, 123, 'B9');
INSERT INTO products (id, description, name, price, sku, supplier_id, category_id, brand_id) VALUES (9941, 'denim Jeans', 'Denim Jeans', 41.53, 'SKU09941', 3, 4, 5);
INSERT INTO images (id, alt_text, image_url, product_id) VALUES (19881, 'Jeans front view', 'https://example.com/sku09941-front.jpg', 9941);
INSERT INTO images (id, alt_text, image_url, product_id) VALUES (19882, 'Jeans back view', 'https://example.com/sku09941-back.jpg', 9941);
INSERT INTO product_attributes (attribute_value, product_id, attribute_id) VALUES ('Black', 9941, 1);
INSERT INTO product_attributes (attribute_value, product_id, attribute_id) VALUES ('XL', 9941, 2);
INSERT INTO product_attributes (attribute_value, product_id, attribute_id) VALUES ('linen', 9941, 3);
INSERT INTO stock (product_id, quantity, warehouse_location) VALUES (9941, 66, 'B4');
INSERT INTO products (id, description, name, price, sku, supplier_id, category_id, brand_id) VALUES (9942, 'silk T-Shirt', 'Silk T-Shirt', 35.71, 'SKU09942', 6, 4, 1);
INSERT INTO images (id, alt_text, image_url, product_id) VALUES (19883, 'T-Shirt front view', 'https://example.com/sku09942-front.jpg', 9942);
INSERT INTO images (id, alt_text, image_url, product_id) VALUES (19884, 'T-Shirt back view', 'https://example.com/sku09942-back.jpg', 9942);
INSERT INTO product_attributes (attribute_value, product_id, attribute_id) VALUES ('Red', 9942, 1);
INSERT INTO product_attributes (attribute_value, product_id, attribute_id) VALUES ('L', 9942, 2);
INSERT INTO product_attributes (attribute_value, product_id, attribute_id) VALUES ('silk', 9942, 3);
INSERT INTO stock (product_id, quantity, warehouse_location) VALUES (9942, 144, 'B5');
INSERT INTO products (id, description, name, price, sku, supplier_id, category_id, brand_id) VALUES (9943, 'wool T-Shirt', 'Wool T-Shirt', 24.51, 'SKU09943', 7, 2, 3);
INSERT INTO images (id, alt_text, image_url, product_id) VALUES (19885, 'T-Shirt front view', 'https://example.com/sku09943-front.jpg', 9943);
INSERT INTO images (id, alt_text, image_url, product_id) VALUES (19886, 'T-Shirt back view', 'https://example.com/sku09943-back.jpg', 9943);
INSERT INTO product_attributes (attribute_value, product_id, attribute_id) VALUES ('White', 9943, 1);
INSERT INTO product_attributes (attribute_value, product_id, attribute_id) VALUES ('XL', 9943, 2);
INSERT INTO product_attributes (attribute_value, product_id, attribute_id) VALUES ('denim', 9943, 3);
INSERT INTO stock (product_id, quantity, warehouse_location) VALUES (9943, 78, 'B10');
INSERT INTO products (id, description, name, price, sku, supplier_id, category_id, brand_id) VALUES (9944, 'cotton Jeans', 'Cotton Jeans', 15.04, 'SKU09944', 9, 4, 5);
INSERT INTO images (id, alt_text, image_url, product_id) VALUES (19887, 'Jeans front view', 'https://example.com/sku09944-front.jpg', 9944);
INSERT INTO images (id, alt_text, image_url, product_id) VALUES (19888, 'Jeans back view', 'https://example.com/sku09944-back.jpg', 9944);
INSERT INTO product_attributes (attribute_value, product_id, attribute_id) VALUES ('Blue', 9944, 1);
INSERT INTO product_attributes (attribute_value, product_id, attribute_id) VALUES ('XXL', 9944, 2);
INSERT INTO product_attributes (attribute_value, product_id, attribute_id) VALUES ('denim', 9944, 3);
INSERT INTO stock (product_id, quantity, warehouse_location) VALUES (9944, 129, 'A9');
INSERT INTO products (id, description, name, price, sku, supplier_id, category_id, brand_id) VALUES (9945, 'cotton Shirt', 'Cotton Shirt', 50.34, 'SKU09945', 5, 2, 1);
INSERT INTO images (id, alt_text, image_url, product_id) VALUES (19889, 'Shirt front view', 'https://example.com/sku09945-front.jpg', 9945);
INSERT INTO images (id, alt_text, image_url, product_id) VALUES (19890, 'Shirt back view', 'https://example.com/sku09945-back.jpg', 9945);
INSERT INTO product_attributes (attribute_value, product_id, attribute_id) VALUES ('Blue', 9945, 1);
INSERT INTO product_attributes (attribute_value, product_id, attribute_id) VALUES ('XXL', 9945, 2);
INSERT INTO product_attributes (attribute_value, product_id, attribute_id) VALUES ('silk', 9945, 3);
INSERT INTO stock (product_id, quantity, warehouse_location) VALUES (9945, 183, 'B9');
INSERT INTO products (id, description, name, price, sku, supplier_id, category_id, brand_id) VALUES (9946, 'denim Shirt', 'Denim Shirt', 15.84, 'SKU09946', 3, 2, 2);
INSERT INTO images (id, alt_text, image_url, product_id) VALUES (19891, 'Shirt front view', 'https://example.com/sku09946-front.jpg', 9946);
INSERT INTO images (id, alt_text, image_url, product_id) VALUES (19892, 'Shirt back view', 'https://example.com/sku09946-back.jpg', 9946);
INSERT INTO product_attributes (attribute_value, product_id, attribute_id) VALUES ('Green', 9946, 1);
INSERT INTO product_attributes (attribute_value, product_id, attribute_id) VALUES ('M', 9946, 2);
INSERT INTO product_attributes (attribute_value, product_id, attribute_id) VALUES ('wool', 9946, 3);
INSERT INTO stock (product_id, quantity, warehouse_location) VALUES (9946, 40, 'A2');
INSERT INTO products (id, description, name, price, sku, supplier_id, category_id, brand_id) VALUES (9947, 'denim Jeans', 'Denim Jeans', 89.1, 'SKU09947', 3, 2, 3);
INSERT INTO images (id, alt_text, image_url, product_id) VALUES (19893, 'Jeans front view', 'https://example.com/sku09947-front.jpg', 9947);
INSERT INTO images (id, alt_text, image_url, product_id) VALUES (19894, 'Jeans back view', 'https://example.com/sku09947-back.jpg', 9947);
INSERT INTO product_attributes (attribute_value, product_id, attribute_id) VALUES ('Red', 9947, 1);
INSERT INTO product_attributes (attribute_value, product_id, attribute_id) VALUES ('XXL', 9947, 2);
INSERT INTO product_attributes (attribute_value, product_id, attribute_id) VALUES ('wool', 9947, 3);
INSERT INTO stock (product_id, quantity, warehouse_location) VALUES (9947, 107, 'C9');
INSERT INTO products (id, description, name, price, sku, supplier_id, category_id, brand_id) VALUES (9948, 'silk T-Shirt', 'Silk T-Shirt', 99.2, 'SKU09948', 10, 4, 4);
INSERT INTO images (id, alt_text, image_url, product_id) VALUES (19895, 'T-Shirt front view', 'https://example.com/sku09948-front.jpg', 9948);
INSERT INTO images (id, alt_text, image_url, product_id) VALUES (19896, 'T-Shirt back view', 'https://example.com/sku09948-back.jpg', 9948);
INSERT INTO product_attributes (attribute_value, product_id, attribute_id) VALUES ('Green', 9948, 1);
INSERT INTO product_attributes (attribute_value, product_id, attribute_id) VALUES ('L', 9948, 2);
INSERT INTO product_attributes (attribute_value, product_id, attribute_id) VALUES ('linen', 9948, 3);
INSERT INTO stock (product_id, quantity, warehouse_location) VALUES (9948, 151, 'C6');
INSERT INTO products (id, description, name, price, sku, supplier_id, category_id, brand_id) VALUES (9949, 'silk Sweater', 'Silk Sweater', 57.33, 'SKU09949', 7, 2, 2);
INSERT INTO images (id, alt_text, image_url, product_id) VALUES (19897, 'Sweater front view', 'https://example.com/sku09949-front.jpg', 9949);
INSERT INTO images (id, alt_text, image_url, product_id) VALUES (19898, 'Sweater back view', 'https://example.com/sku09949-back.jpg', 9949);
INSERT INTO product_attributes (attribute_value, product_id, attribute_id) VALUES ('White', 9949, 1);
INSERT INTO product_attributes (attribute_value, product_id, attribute_id) VALUES ('M', 9949, 2);
INSERT INTO product_attributes (attribute_value, product_id, attribute_id) VALUES ('cotton', 9949, 3);
INSERT INTO stock (product_id, quantity, warehouse_location) VALUES (9949, 76, 'A10');
INSERT INTO products (id, description, name, price, sku, supplier_id, category_id, brand_id) VALUES (9950, 'silk Shirt', 'Silk Shirt', 58.56, 'SKU09950', 4, 1, 3);
INSERT INTO images (id, alt_text, image_url, product_id) VALUES (19899, 'Shirt front view', 'https://example.com/sku09950-front.jpg', 9950);
INSERT INTO images (id, alt_text, image_url, product_id) VALUES (19900, 'Shirt back view', 'https://example.com/sku09950-back.jpg', 9950);
INSERT INTO product_attributes (attribute_value, product_id, attribute_id) VALUES ('Blue', 9950, 1);
INSERT INTO product_attributes (attribute_value, product_id, attribute_id) VALUES ('S', 9950, 2);
INSERT INTO product_attributes (attribute_value, product_id, attribute_id) VALUES ('wool', 9950, 3);
INSERT INTO stock (product_id, quantity, warehouse_location) VALUES (9950, 86, 'A3');
INSERT INTO products (id, description, name, price, sku, supplier_id, category_id, brand_id) VALUES (9951, 'cotton Jacket', 'Cotton Jacket', 90.06, 'SKU09951', 9, 3, 3);
INSERT INTO images (id, alt_text, image_url, product_id) VALUES (19901, 'Jacket front view', 'https://example.com/sku09951-front.jpg', 9951);
INSERT INTO images (id, alt_text, image_url, product_id) VALUES (19902, 'Jacket back view', 'https://example.com/sku09951-back.jpg', 9951);
INSERT INTO product_attributes (attribute_value, product_id, attribute_id) VALUES ('Black', 9951, 1);
INSERT INTO product_attributes (attribute_value, product_id, attribute_id) VALUES ('M', 9951, 2);
INSERT INTO product_attributes (attribute_value, product_id, attribute_id) VALUES ('denim', 9951, 3);
INSERT INTO stock (product_id, quantity, warehouse_location) VALUES (9951, 174, 'A1');
INSERT INTO products (id, description, name, price, sku, supplier_id, category_id, brand_id) VALUES (9952, 'wool Shirt', 'Wool Shirt', 13.16, 'SKU09952', 8, 2, 1);
INSERT INTO images (id, alt_text, image_url, product_id) VALUES (19903, 'Shirt front view', 'https://example.com/sku09952-front.jpg', 9952);
INSERT INTO images (id, alt_text, image_url, product_id) VALUES (19904, 'Shirt back view', 'https://example.com/sku09952-back.jpg', 9952);
INSERT INTO product_attributes (attribute_value, product_id, attribute_id) VALUES ('Blue', 9952, 1);
INSERT INTO product_attributes (attribute_value, product_id, attribute_id) VALUES ('M', 9952, 2);
INSERT INTO product_attributes (attribute_value, product_id, attribute_id) VALUES ('wool', 9952, 3);
INSERT INTO stock (product_id, quantity, warehouse_location) VALUES (9952, 128, 'B8');
INSERT INTO products (id, description, name, price, sku, supplier_id, category_id, brand_id) VALUES (9953, 'silk Shirt', 'Silk Shirt', 61.18, 'SKU09953', 3, 1, 1);
INSERT INTO images (id, alt_text, image_url, product_id) VALUES (19905, 'Shirt front view', 'https://example.com/sku09953-front.jpg', 9953);
INSERT INTO images (id, alt_text, image_url, product_id) VALUES (19906, 'Shirt back view', 'https://example.com/sku09953-back.jpg', 9953);
INSERT INTO product_attributes (attribute_value, product_id, attribute_id) VALUES ('Blue', 9953, 1);
INSERT INTO product_attributes (attribute_value, product_id, attribute_id) VALUES ('XXL', 9953, 2);
INSERT INTO product_attributes (attribute_value, product_id, attribute_id) VALUES ('linen', 9953, 3);
INSERT INTO stock (product_id, quantity, warehouse_location) VALUES (9953, 63, 'A5');
INSERT INTO products (id, description, name, price, sku, supplier_id, category_id, brand_id) VALUES (9954, 'linen Sweater', 'Linen Sweater', 30.27, 'SKU09954', 8, 3, 5);
INSERT INTO images (id, alt_text, image_url, product_id) VALUES (19907, 'Sweater front view', 'https://example.com/sku09954-front.jpg', 9954);
INSERT INTO images (id, alt_text, image_url, product_id) VALUES (19908, 'Sweater back view', 'https://example.com/sku09954-back.jpg', 9954);
INSERT INTO product_attributes (attribute_value, product_id, attribute_id) VALUES ('Red', 9954, 1);
INSERT INTO product_attributes (attribute_value, product_id, attribute_id) VALUES ('S', 9954, 2);
INSERT INTO product_attributes (attribute_value, product_id, attribute_id) VALUES ('silk', 9954, 3);
INSERT INTO stock (product_id, quantity, warehouse_location) VALUES (9954, 199, 'A10');
INSERT INTO products (id, description, name, price, sku, supplier_id, category_id, brand_id) VALUES (9955, 'denim Sweater', 'Denim Sweater', 60.15, 'SKU09955', 8, 3, 2);
INSERT INTO images (id, alt_text, image_url, product_id) VALUES (19909, 'Sweater front view', 'https://example.com/sku09955-front.jpg', 9955);
INSERT INTO images (id, alt_text, image_url, product_id) VALUES (19910, 'Sweater back view', 'https://example.com/sku09955-back.jpg', 9955);
INSERT INTO product_attributes (attribute_value, product_id, attribute_id) VALUES ('Red', 9955, 1);
INSERT INTO product_attributes (attribute_value, product_id, attribute_id) VALUES ('L', 9955, 2);
INSERT INTO product_attributes (attribute_value, product_id, attribute_id) VALUES ('silk', 9955, 3);
INSERT INTO stock (product_id, quantity, warehouse_location) VALUES (9955, 140, 'B10');
INSERT INTO products (id, description, name, price, sku, supplier_id, category_id, brand_id) VALUES (9956, 'linen Jacket', 'Linen Jacket', 43.98, 'SKU09956', 2, 3, 4);
INSERT INTO images (id, alt_text, image_url, product_id) VALUES (19911, 'Jacket front view', 'https://example.com/sku09956-front.jpg', 9956);
INSERT INTO images (id, alt_text, image_url, product_id) VALUES (19912, 'Jacket back view', 'https://example.com/sku09956-back.jpg', 9956);
INSERT INTO product_attributes (attribute_value, product_id, attribute_id) VALUES ('Red', 9956, 1);
INSERT INTO product_attributes (attribute_value, product_id, attribute_id) VALUES ('M', 9956, 2);
INSERT INTO product_attributes (attribute_value, product_id, attribute_id) VALUES ('cotton', 9956, 3);
INSERT INTO stock (product_id, quantity, warehouse_location) VALUES (9956, 110, 'B8');
INSERT INTO products (id, description, name, price, sku, supplier_id, category_id, brand_id) VALUES (9957, 'denim Jacket', 'Denim Jacket', 13.47, 'SKU09957', 7, 2, 2);
INSERT INTO images (id, alt_text, image_url, product_id) VALUES (19913, 'Jacket front view', 'https://example.com/sku09957-front.jpg', 9957);
INSERT INTO images (id, alt_text, image_url, product_id) VALUES (19914, 'Jacket back view', 'https://example.com/sku09957-back.jpg', 9957);
INSERT INTO product_attributes (attribute_value, product_id, attribute_id) VALUES ('Black', 9957, 1);
INSERT INTO product_attributes (attribute_value, product_id, attribute_id) VALUES ('XXL', 9957, 2);
INSERT INTO product_attributes (attribute_value, product_id, attribute_id) VALUES ('wool', 9957, 3);
INSERT INTO stock (product_id, quantity, warehouse_location) VALUES (9957, 161, 'C5');
INSERT INTO products (id, description, name, price, sku, supplier_id, category_id, brand_id) VALUES (9958, 'silk Sweater', 'Silk Sweater', 20.46, 'SKU09958', 3, 1, 5);
INSERT INTO images (id, alt_text, image_url, product_id) VALUES (19915, 'Sweater front view', 'https://example.com/sku09958-front.jpg', 9958);
INSERT INTO images (id, alt_text, image_url, product_id) VALUES (19916, 'Sweater back view', 'https://example.com/sku09958-back.jpg', 9958);
INSERT INTO product_attributes (attribute_value, product_id, attribute_id) VALUES ('Green', 9958, 1);
INSERT INTO product_attributes (attribute_value, product_id, attribute_id) VALUES ('L', 9958, 2);
INSERT INTO product_attributes (attribute_value, product_id, attribute_id) VALUES ('cotton', 9958, 3);
INSERT INTO stock (product_id, quantity, warehouse_location) VALUES (9958, 63, 'C10');
INSERT INTO products (id, description, name, price, sku, supplier_id, category_id, brand_id) VALUES (9959, 'cotton Shirt', 'Cotton Shirt', 88.54, 'SKU09959', 7, 1, 1);
INSERT INTO images (id, alt_text, image_url, product_id) VALUES (19917, 'Shirt front view', 'https://example.com/sku09959-front.jpg', 9959);
INSERT INTO images (id, alt_text, image_url, product_id) VALUES (19918, 'Shirt back view', 'https://example.com/sku09959-back.jpg', 9959);
INSERT INTO product_attributes (attribute_value, product_id, attribute_id) VALUES ('Blue', 9959, 1);
INSERT INTO product_attributes (attribute_value, product_id, attribute_id) VALUES ('L', 9959, 2);
INSERT INTO product_attributes (attribute_value, product_id, attribute_id) VALUES ('cotton', 9959, 3);
INSERT INTO stock (product_id, quantity, warehouse_location) VALUES (9959, 40, 'B2');
INSERT INTO products (id, description, name, price, sku, supplier_id, category_id, brand_id) VALUES (9960, 'silk Jacket', 'Silk Jacket', 86.12, 'SKU09960', 9, 2, 4);
INSERT INTO images (id, alt_text, image_url, product_id) VALUES (19919, 'Jacket front view', 'https://example.com/sku09960-front.jpg', 9960);
INSERT INTO images (id, alt_text, image_url, product_id) VALUES (19920, 'Jacket back view', 'https://example.com/sku09960-back.jpg', 9960);
INSERT INTO product_attributes (attribute_value, product_id, attribute_id) VALUES ('Black', 9960, 1);
INSERT INTO product_attributes (attribute_value, product_id, attribute_id) VALUES ('XL', 9960, 2);
INSERT INTO product_attributes (attribute_value, product_id, attribute_id) VALUES ('linen', 9960, 3);
INSERT INTO stock (product_id, quantity, warehouse_location) VALUES (9960, 137, 'B1');
INSERT INTO products (id, description, name, price, sku, supplier_id, category_id, brand_id) VALUES (9961, 'denim Jacket', 'Denim Jacket', 29.99, 'SKU09961', 8, 1, 1);
INSERT INTO images (id, alt_text, image_url, product_id) VALUES (19921, 'Jacket front view', 'https://example.com/sku09961-front.jpg', 9961);
INSERT INTO images (id, alt_text, image_url, product_id) VALUES (19922, 'Jacket back view', 'https://example.com/sku09961-back.jpg', 9961);
INSERT INTO product_attributes (attribute_value, product_id, attribute_id) VALUES ('Green', 9961, 1);
INSERT INTO product_attributes (attribute_value, product_id, attribute_id) VALUES ('S', 9961, 2);
INSERT INTO product_attributes (attribute_value, product_id, attribute_id) VALUES ('wool', 9961, 3);
INSERT INTO stock (product_id, quantity, warehouse_location) VALUES (9961, 141, 'B9');
INSERT INTO products (id, description, name, price, sku, supplier_id, category_id, brand_id) VALUES (9962, 'cotton Sweater', 'Cotton Sweater', 66.02, 'SKU09962', 8, 4, 5);
INSERT INTO images (id, alt_text, image_url, product_id) VALUES (19923, 'Sweater front view', 'https://example.com/sku09962-front.jpg', 9962);
INSERT INTO images (id, alt_text, image_url, product_id) VALUES (19924, 'Sweater back view', 'https://example.com/sku09962-back.jpg', 9962);
INSERT INTO product_attributes (attribute_value, product_id, attribute_id) VALUES ('Blue', 9962, 1);
INSERT INTO product_attributes (attribute_value, product_id, attribute_id) VALUES ('XL', 9962, 2);
INSERT INTO product_attributes (attribute_value, product_id, attribute_id) VALUES ('wool', 9962, 3);
INSERT INTO stock (product_id, quantity, warehouse_location) VALUES (9962, 158, 'C9');
INSERT INTO products (id, description, name, price, sku, supplier_id, category_id, brand_id) VALUES (9963, 'silk Sweater', 'Silk Sweater', 80.52, 'SKU09963', 5, 1, 2);
INSERT INTO images (id, alt_text, image_url, product_id) VALUES (19925, 'Sweater front view', 'https://example.com/sku09963-front.jpg', 9963);
INSERT INTO images (id, alt_text, image_url, product_id) VALUES (19926, 'Sweater back view', 'https://example.com/sku09963-back.jpg', 9963);
INSERT INTO product_attributes (attribute_value, product_id, attribute_id) VALUES ('Blue', 9963, 1);
INSERT INTO product_attributes (attribute_value, product_id, attribute_id) VALUES ('M', 9963, 2);
INSERT INTO product_attributes (attribute_value, product_id, attribute_id) VALUES ('denim', 9963, 3);
INSERT INTO stock (product_id, quantity, warehouse_location) VALUES (9963, 6, 'C3');
INSERT INTO products (id, description, name, price, sku, supplier_id, category_id, brand_id) VALUES (9964, 'wool Sweater', 'Wool Sweater', 49.39, 'SKU09964', 6, 1, 3);
INSERT INTO images (id, alt_text, image_url, product_id) VALUES (19927, 'Sweater front view', 'https://example.com/sku09964-front.jpg', 9964);
INSERT INTO images (id, alt_text, image_url, product_id) VALUES (19928, 'Sweater back view', 'https://example.com/sku09964-back.jpg', 9964);
INSERT INTO product_attributes (attribute_value, product_id, attribute_id) VALUES ('Green', 9964, 1);
INSERT INTO product_attributes (attribute_value, product_id, attribute_id) VALUES ('XXL', 9964, 2);
INSERT INTO product_attributes (attribute_value, product_id, attribute_id) VALUES ('cotton', 9964, 3);
INSERT INTO stock (product_id, quantity, warehouse_location) VALUES (9964, 44, 'B4');
INSERT INTO products (id, description, name, price, sku, supplier_id, category_id, brand_id) VALUES (9965, 'wool Jeans', 'Wool Jeans', 95.36, 'SKU09965', 9, 3, 3);
INSERT INTO images (id, alt_text, image_url, product_id) VALUES (19929, 'Jeans front view', 'https://example.com/sku09965-front.jpg', 9965);
INSERT INTO images (id, alt_text, image_url, product_id) VALUES (19930, 'Jeans back view', 'https://example.com/sku09965-back.jpg', 9965);
INSERT INTO product_attributes (attribute_value, product_id, attribute_id) VALUES ('Green', 9965, 1);
INSERT INTO product_attributes (attribute_value, product_id, attribute_id) VALUES ('M', 9965, 2);
INSERT INTO product_attributes (attribute_value, product_id, attribute_id) VALUES ('cotton', 9965, 3);
INSERT INTO stock (product_id, quantity, warehouse_location) VALUES (9965, 199, 'B10');
INSERT INTO products (id, description, name, price, sku, supplier_id, category_id, brand_id) VALUES (9966, 'wool Sweater', 'Wool Sweater', 55.14, 'SKU09966', 4, 3, 5);
INSERT INTO images (id, alt_text, image_url, product_id) VALUES (19931, 'Sweater front view', 'https://example.com/sku09966-front.jpg', 9966);
INSERT INTO images (id, alt_text, image_url, product_id) VALUES (19932, 'Sweater back view', 'https://example.com/sku09966-back.jpg', 9966);
INSERT INTO product_attributes (attribute_value, product_id, attribute_id) VALUES ('Green', 9966, 1);
INSERT INTO product_attributes (attribute_value, product_id, attribute_id) VALUES ('M', 9966, 2);
INSERT INTO product_attributes (attribute_value, product_id, attribute_id) VALUES ('silk', 9966, 3);
INSERT INTO stock (product_id, quantity, warehouse_location) VALUES (9966, 168, 'B2');
INSERT INTO products (id, description, name, price, sku, supplier_id, category_id, brand_id) VALUES (9967, 'denim Jacket', 'Denim Jacket', 39.54, 'SKU09967', 2, 2, 2);
INSERT INTO images (id, alt_text, image_url, product_id) VALUES (19933, 'Jacket front view', 'https://example.com/sku09967-front.jpg', 9967);
INSERT INTO images (id, alt_text, image_url, product_id) VALUES (19934, 'Jacket back view', 'https://example.com/sku09967-back.jpg', 9967);
INSERT INTO product_attributes (attribute_value, product_id, attribute_id) VALUES ('White', 9967, 1);
INSERT INTO product_attributes (attribute_value, product_id, attribute_id) VALUES ('XXL', 9967, 2);
INSERT INTO product_attributes (attribute_value, product_id, attribute_id) VALUES ('wool', 9967, 3);
INSERT INTO stock (product_id, quantity, warehouse_location) VALUES (9967, 130, 'B3');
INSERT INTO products (id, description, name, price, sku, supplier_id, category_id, brand_id) VALUES (9968, 'wool T-Shirt', 'Wool T-Shirt', 61.94, 'SKU09968', 6, 2, 5);
INSERT INTO images (id, alt_text, image_url, product_id) VALUES (19935, 'T-Shirt front view', 'https://example.com/sku09968-front.jpg', 9968);
INSERT INTO images (id, alt_text, image_url, product_id) VALUES (19936, 'T-Shirt back view', 'https://example.com/sku09968-back.jpg', 9968);
INSERT INTO product_attributes (attribute_value, product_id, attribute_id) VALUES ('Red', 9968, 1);
INSERT INTO product_attributes (attribute_value, product_id, attribute_id) VALUES ('XL', 9968, 2);
INSERT INTO product_attributes (attribute_value, product_id, attribute_id) VALUES ('cotton', 9968, 3);
INSERT INTO stock (product_id, quantity, warehouse_location) VALUES (9968, 7, 'C9');
INSERT INTO products (id, description, name, price, sku, supplier_id, category_id, brand_id) VALUES (9969, 'linen T-Shirt', 'Linen T-Shirt', 77.19, 'SKU09969', 8, 2, 3);
INSERT INTO images (id, alt_text, image_url, product_id) VALUES (19937, 'T-Shirt front view', 'https://example.com/sku09969-front.jpg', 9969);
INSERT INTO images (id, alt_text, image_url, product_id) VALUES (19938, 'T-Shirt back view', 'https://example.com/sku09969-back.jpg', 9969);
INSERT INTO product_attributes (attribute_value, product_id, attribute_id) VALUES ('Red', 9969, 1);
INSERT INTO product_attributes (attribute_value, product_id, attribute_id) VALUES ('XL', 9969, 2);
INSERT INTO product_attributes (attribute_value, product_id, attribute_id) VALUES ('cotton', 9969, 3);
INSERT INTO stock (product_id, quantity, warehouse_location) VALUES (9969, 58, 'C6');
INSERT INTO products (id, description, name, price, sku, supplier_id, category_id, brand_id) VALUES (9970, 'cotton T-Shirt', 'Cotton T-Shirt', 82.7, 'SKU09970', 6, 2, 4);
INSERT INTO images (id, alt_text, image_url, product_id) VALUES (19939, 'T-Shirt front view', 'https://example.com/sku09970-front.jpg', 9970);
INSERT INTO images (id, alt_text, image_url, product_id) VALUES (19940, 'T-Shirt back view', 'https://example.com/sku09970-back.jpg', 9970);
INSERT INTO product_attributes (attribute_value, product_id, attribute_id) VALUES ('Blue', 9970, 1);
INSERT INTO product_attributes (attribute_value, product_id, attribute_id) VALUES ('L', 9970, 2);
INSERT INTO product_attributes (attribute_value, product_id, attribute_id) VALUES ('wool', 9970, 3);
INSERT INTO stock (product_id, quantity, warehouse_location) VALUES (9970, 54, 'A1');
INSERT INTO products (id, description, name, price, sku, supplier_id, category_id, brand_id) VALUES (9971, 'wool Jacket', 'Wool Jacket', 14.61, 'SKU09971', 5, 1, 3);
INSERT INTO images (id, alt_text, image_url, product_id) VALUES (19941, 'Jacket front view', 'https://example.com/sku09971-front.jpg', 9971);
INSERT INTO images (id, alt_text, image_url, product_id) VALUES (19942, 'Jacket back view', 'https://example.com/sku09971-back.jpg', 9971);
INSERT INTO product_attributes (attribute_value, product_id, attribute_id) VALUES ('Blue', 9971, 1);
INSERT INTO product_attributes (attribute_value, product_id, attribute_id) VALUES ('M', 9971, 2);
INSERT INTO product_attributes (attribute_value, product_id, attribute_id) VALUES ('cotton', 9971, 3);
INSERT INTO stock (product_id, quantity, warehouse_location) VALUES (9971, 12, 'A3');
INSERT INTO products (id, description, name, price, sku, supplier_id, category_id, brand_id) VALUES (9972, 'wool Sweater', 'Wool Sweater', 95.37, 'SKU09972', 8, 3, 5);
INSERT INTO images (id, alt_text, image_url, product_id) VALUES (19943, 'Sweater front view', 'https://example.com/sku09972-front.jpg', 9972);
INSERT INTO images (id, alt_text, image_url, product_id) VALUES (19944, 'Sweater back view', 'https://example.com/sku09972-back.jpg', 9972);
INSERT INTO product_attributes (attribute_value, product_id, attribute_id) VALUES ('White', 9972, 1);
INSERT INTO product_attributes (attribute_value, product_id, attribute_id) VALUES ('XXL', 9972, 2);
INSERT INTO product_attributes (attribute_value, product_id, attribute_id) VALUES ('wool', 9972, 3);
INSERT INTO stock (product_id, quantity, warehouse_location) VALUES (9972, 142, 'C2');
INSERT INTO products (id, description, name, price, sku, supplier_id, category_id, brand_id) VALUES (9973, 'cotton Jacket', 'Cotton Jacket', 10.03, 'SKU09973', 3, 3, 3);
INSERT INTO images (id, alt_text, image_url, product_id) VALUES (19945, 'Jacket front view', 'https://example.com/sku09973-front.jpg', 9973);
INSERT INTO images (id, alt_text, image_url, product_id) VALUES (19946, 'Jacket back view', 'https://example.com/sku09973-back.jpg', 9973);
INSERT INTO product_attributes (attribute_value, product_id, attribute_id) VALUES ('Blue', 9973, 1);
INSERT INTO product_attributes (attribute_value, product_id, attribute_id) VALUES ('XL', 9973, 2);
INSERT INTO product_attributes (attribute_value, product_id, attribute_id) VALUES ('cotton', 9973, 3);
INSERT INTO stock (product_id, quantity, warehouse_location) VALUES (9973, 27, 'A1');
INSERT INTO products (id, description, name, price, sku, supplier_id, category_id, brand_id) VALUES (9974, 'silk Jacket', 'Silk Jacket', 60.23, 'SKU09974', 10, 1, 3);
INSERT INTO images (id, alt_text, image_url, product_id) VALUES (19947, 'Jacket front view', 'https://example.com/sku09974-front.jpg', 9974);
INSERT INTO images (id, alt_text, image_url, product_id) VALUES (19948, 'Jacket back view', 'https://example.com/sku09974-back.jpg', 9974);
INSERT INTO product_attributes (attribute_value, product_id, attribute_id) VALUES ('Red', 9974, 1);
INSERT INTO product_attributes (attribute_value, product_id, attribute_id) VALUES ('S', 9974, 2);
INSERT INTO product_attributes (attribute_value, product_id, attribute_id) VALUES ('linen', 9974, 3);
INSERT INTO stock (product_id, quantity, warehouse_location) VALUES (9974, 53, 'B2');
INSERT INTO products (id, description, name, price, sku, supplier_id, category_id, brand_id) VALUES (9975, 'silk Shirt', 'Silk Shirt', 82.07, 'SKU09975', 3, 2, 2);
INSERT INTO images (id, alt_text, image_url, product_id) VALUES (19949, 'Shirt front view', 'https://example.com/sku09975-front.jpg', 9975);
INSERT INTO images (id, alt_text, image_url, product_id) VALUES (19950, 'Shirt back view', 'https://example.com/sku09975-back.jpg', 9975);
INSERT INTO product_attributes (attribute_value, product_id, attribute_id) VALUES ('Green', 9975, 1);
INSERT INTO product_attributes (attribute_value, product_id, attribute_id) VALUES ('XXL', 9975, 2);
INSERT INTO product_attributes (attribute_value, product_id, attribute_id) VALUES ('linen', 9975, 3);
INSERT INTO stock (product_id, quantity, warehouse_location) VALUES (9975, 112, 'B7');
INSERT INTO products (id, description, name, price, sku, supplier_id, category_id, brand_id) VALUES (9976, 'denim Sweater', 'Denim Sweater', 13.77, 'SKU09976', 10, 3, 1);
INSERT INTO images (id, alt_text, image_url, product_id) VALUES (19951, 'Sweater front view', 'https://example.com/sku09976-front.jpg', 9976);
INSERT INTO images (id, alt_text, image_url, product_id) VALUES (19952, 'Sweater back view', 'https://example.com/sku09976-back.jpg', 9976);
INSERT INTO product_attributes (attribute_value, product_id, attribute_id) VALUES ('Blue', 9976, 1);
INSERT INTO product_attributes (attribute_value, product_id, attribute_id) VALUES ('S', 9976, 2);
INSERT INTO product_attributes (attribute_value, product_id, attribute_id) VALUES ('silk', 9976, 3);
INSERT INTO stock (product_id, quantity, warehouse_location) VALUES (9976, 78, 'C6');
INSERT INTO products (id, description, name, price, sku, supplier_id, category_id, brand_id) VALUES (9977, 'silk Jeans', 'Silk Jeans', 11.98, 'SKU09977', 10, 4, 2);
INSERT INTO images (id, alt_text, image_url, product_id) VALUES (19953, 'Jeans front view', 'https://example.com/sku09977-front.jpg', 9977);
INSERT INTO images (id, alt_text, image_url, product_id) VALUES (19954, 'Jeans back view', 'https://example.com/sku09977-back.jpg', 9977);
INSERT INTO product_attributes (attribute_value, product_id, attribute_id) VALUES ('White', 9977, 1);
INSERT INTO product_attributes (attribute_value, product_id, attribute_id) VALUES ('S', 9977, 2);
INSERT INTO product_attributes (attribute_value, product_id, attribute_id) VALUES ('linen', 9977, 3);
INSERT INTO stock (product_id, quantity, warehouse_location) VALUES (9977, 176, 'B8');
INSERT INTO products (id, description, name, price, sku, supplier_id, category_id, brand_id) VALUES (9978, 'denim T-Shirt', 'Denim T-Shirt', 44.29, 'SKU09978', 2, 4, 3);
INSERT INTO images (id, alt_text, image_url, product_id) VALUES (19955, 'T-Shirt front view', 'https://example.com/sku09978-front.jpg', 9978);
INSERT INTO images (id, alt_text, image_url, product_id) VALUES (19956, 'T-Shirt back view', 'https://example.com/sku09978-back.jpg', 9978);
INSERT INTO product_attributes (attribute_value, product_id, attribute_id) VALUES ('Blue', 9978, 1);
INSERT INTO product_attributes (attribute_value, product_id, attribute_id) VALUES ('L', 9978, 2);
INSERT INTO product_attributes (attribute_value, product_id, attribute_id) VALUES ('cotton', 9978, 3);
INSERT INTO stock (product_id, quantity, warehouse_location) VALUES (9978, 53, 'A4');
INSERT INTO products (id, description, name, price, sku, supplier_id, category_id, brand_id) VALUES (9979, 'wool Jacket', 'Wool Jacket', 65.09, 'SKU09979', 2, 1, 1);
INSERT INTO images (id, alt_text, image_url, product_id) VALUES (19957, 'Jacket front view', 'https://example.com/sku09979-front.jpg', 9979);
INSERT INTO images (id, alt_text, image_url, product_id) VALUES (19958, 'Jacket back view', 'https://example.com/sku09979-back.jpg', 9979);
INSERT INTO product_attributes (attribute_value, product_id, attribute_id) VALUES ('White', 9979, 1);
INSERT INTO product_attributes (attribute_value, product_id, attribute_id) VALUES ('L', 9979, 2);
INSERT INTO product_attributes (attribute_value, product_id, attribute_id) VALUES ('cotton', 9979, 3);
INSERT INTO stock (product_id, quantity, warehouse_location) VALUES (9979, 146, 'C4');
INSERT INTO products (id, description, name, price, sku, supplier_id, category_id, brand_id) VALUES (9980, 'denim Jacket', 'Denim Jacket', 28.23, 'SKU09980', 1, 2, 2);
INSERT INTO images (id, alt_text, image_url, product_id) VALUES (19959, 'Jacket front view', 'https://example.com/sku09980-front.jpg', 9980);
INSERT INTO images (id, alt_text, image_url, product_id) VALUES (19960, 'Jacket back view', 'https://example.com/sku09980-back.jpg', 9980);
INSERT INTO product_attributes (attribute_value, product_id, attribute_id) VALUES ('White', 9980, 1);
INSERT INTO product_attributes (attribute_value, product_id, attribute_id) VALUES ('S', 9980, 2);
INSERT INTO product_attributes (attribute_value, product_id, attribute_id) VALUES ('cotton', 9980, 3);
INSERT INTO stock (product_id, quantity, warehouse_location) VALUES (9980, 14, 'C10');
INSERT INTO products (id, description, name, price, sku, supplier_id, category_id, brand_id) VALUES (9981, 'cotton Jeans', 'Cotton Jeans', 55.57, 'SKU09981', 5, 4, 3);
INSERT INTO images (id, alt_text, image_url, product_id) VALUES (19961, 'Jeans front view', 'https://example.com/sku09981-front.jpg', 9981);
INSERT INTO images (id, alt_text, image_url, product_id) VALUES (19962, 'Jeans back view', 'https://example.com/sku09981-back.jpg', 9981);
INSERT INTO product_attributes (attribute_value, product_id, attribute_id) VALUES ('Black', 9981, 1);
INSERT INTO product_attributes (attribute_value, product_id, attribute_id) VALUES ('M', 9981, 2);
INSERT INTO product_attributes (attribute_value, product_id, attribute_id) VALUES ('linen', 9981, 3);
INSERT INTO stock (product_id, quantity, warehouse_location) VALUES (9981, 191, 'C10');
INSERT INTO products (id, description, name, price, sku, supplier_id, category_id, brand_id) VALUES (9982, 'denim Jacket', 'Denim Jacket', 33.63, 'SKU09982', 7, 4, 4);
INSERT INTO images (id, alt_text, image_url, product_id) VALUES (19963, 'Jacket front view', 'https://example.com/sku09982-front.jpg', 9982);
INSERT INTO images (id, alt_text, image_url, product_id) VALUES (19964, 'Jacket back view', 'https://example.com/sku09982-back.jpg', 9982);
INSERT INTO product_attributes (attribute_value, product_id, attribute_id) VALUES ('White', 9982, 1);
INSERT INTO product_attributes (attribute_value, product_id, attribute_id) VALUES ('XXL', 9982, 2);
INSERT INTO product_attributes (attribute_value, product_id, attribute_id) VALUES ('cotton', 9982, 3);
INSERT INTO stock (product_id, quantity, warehouse_location) VALUES (9982, 32, 'B3');
INSERT INTO products (id, description, name, price, sku, supplier_id, category_id, brand_id) VALUES (9983, 'silk Sweater', 'Silk Sweater', 75.32, 'SKU09983', 9, 3, 3);
INSERT INTO images (id, alt_text, image_url, product_id) VALUES (19965, 'Sweater front view', 'https://example.com/sku09983-front.jpg', 9983);
INSERT INTO images (id, alt_text, image_url, product_id) VALUES (19966, 'Sweater back view', 'https://example.com/sku09983-back.jpg', 9983);
INSERT INTO product_attributes (attribute_value, product_id, attribute_id) VALUES ('Blue', 9983, 1);
INSERT INTO product_attributes (attribute_value, product_id, attribute_id) VALUES ('S', 9983, 2);
INSERT INTO product_attributes (attribute_value, product_id, attribute_id) VALUES ('wool', 9983, 3);
INSERT INTO stock (product_id, quantity, warehouse_location) VALUES (9983, 195, 'A4');
INSERT INTO products (id, description, name, price, sku, supplier_id, category_id, brand_id) VALUES (9984, 'silk Shirt', 'Silk Shirt', 19.42, 'SKU09984', 3, 3, 5);
INSERT INTO images (id, alt_text, image_url, product_id) VALUES (19967, 'Shirt front view', 'https://example.com/sku09984-front.jpg', 9984);
INSERT INTO images (id, alt_text, image_url, product_id) VALUES (19968, 'Shirt back view', 'https://example.com/sku09984-back.jpg', 9984);
INSERT INTO product_attributes (attribute_value, product_id, attribute_id) VALUES ('Black', 9984, 1);
INSERT INTO product_attributes (attribute_value, product_id, attribute_id) VALUES ('S', 9984, 2);
INSERT INTO product_attributes (attribute_value, product_id, attribute_id) VALUES ('wool', 9984, 3);
INSERT INTO stock (product_id, quantity, warehouse_location) VALUES (9984, 42, 'A1');
INSERT INTO products (id, description, name, price, sku, supplier_id, category_id, brand_id) VALUES (9985, 'silk Sweater', 'Silk Sweater', 61.47, 'SKU09985', 10, 2, 3);
INSERT INTO images (id, alt_text, image_url, product_id) VALUES (19969, 'Sweater front view', 'https://example.com/sku09985-front.jpg', 9985);
INSERT INTO images (id, alt_text, image_url, product_id) VALUES (19970, 'Sweater back view', 'https://example.com/sku09985-back.jpg', 9985);
INSERT INTO product_attributes (attribute_value, product_id, attribute_id) VALUES ('Green', 9985, 1);
INSERT INTO product_attributes (attribute_value, product_id, attribute_id) VALUES ('XXL', 9985, 2);
INSERT INTO product_attributes (attribute_value, product_id, attribute_id) VALUES ('silk', 9985, 3);
INSERT INTO stock (product_id, quantity, warehouse_location) VALUES (9985, 55, 'B2');
INSERT INTO products (id, description, name, price, sku, supplier_id, category_id, brand_id) VALUES (9986, 'cotton Jacket', 'Cotton Jacket', 68.49, 'SKU09986', 7, 3, 4);
INSERT INTO images (id, alt_text, image_url, product_id) VALUES (19971, 'Jacket front view', 'https://example.com/sku09986-front.jpg', 9986);
INSERT INTO images (id, alt_text, image_url, product_id) VALUES (19972, 'Jacket back view', 'https://example.com/sku09986-back.jpg', 9986);
INSERT INTO product_attributes (attribute_value, product_id, attribute_id) VALUES ('Black', 9986, 1);
INSERT INTO product_attributes (attribute_value, product_id, attribute_id) VALUES ('XL', 9986, 2);
INSERT INTO product_attributes (attribute_value, product_id, attribute_id) VALUES ('denim', 9986, 3);
INSERT INTO stock (product_id, quantity, warehouse_location) VALUES (9986, 35, 'C2');
INSERT INTO products (id, description, name, price, sku, supplier_id, category_id, brand_id) VALUES (9987, 'silk Jacket', 'Silk Jacket', 46.06, 'SKU09987', 7, 1, 4);
INSERT INTO images (id, alt_text, image_url, product_id) VALUES (19973, 'Jacket front view', 'https://example.com/sku09987-front.jpg', 9987);
INSERT INTO images (id, alt_text, image_url, product_id) VALUES (19974, 'Jacket back view', 'https://example.com/sku09987-back.jpg', 9987);
INSERT INTO product_attributes (attribute_value, product_id, attribute_id) VALUES ('Blue', 9987, 1);
INSERT INTO product_attributes (attribute_value, product_id, attribute_id) VALUES ('M', 9987, 2);
INSERT INTO product_attributes (attribute_value, product_id, attribute_id) VALUES ('denim', 9987, 3);
INSERT INTO stock (product_id, quantity, warehouse_location) VALUES (9987, 94, 'A5');
INSERT INTO products (id, description, name, price, sku, supplier_id, category_id, brand_id) VALUES (9988, 'denim Shirt', 'Denim Shirt', 47.9, 'SKU09988', 2, 3, 3);
INSERT INTO images (id, alt_text, image_url, product_id) VALUES (19975, 'Shirt front view', 'https://example.com/sku09988-front.jpg', 9988);
INSERT INTO images (id, alt_text, image_url, product_id) VALUES (19976, 'Shirt back view', 'https://example.com/sku09988-back.jpg', 9988);
INSERT INTO product_attributes (attribute_value, product_id, attribute_id) VALUES ('Red', 9988, 1);
INSERT INTO product_attributes (attribute_value, product_id, attribute_id) VALUES ('S', 9988, 2);
INSERT INTO product_attributes (attribute_value, product_id, attribute_id) VALUES ('silk', 9988, 3);
INSERT INTO stock (product_id, quantity, warehouse_location) VALUES (9988, 140, 'A10');
INSERT INTO products (id, description, name, price, sku, supplier_id, category_id, brand_id) VALUES (9989, 'linen Shirt', 'Linen Shirt', 43.75, 'SKU09989', 4, 3, 2);
INSERT INTO images (id, alt_text, image_url, product_id) VALUES (19977, 'Shirt front view', 'https://example.com/sku09989-front.jpg', 9989);
INSERT INTO images (id, alt_text, image_url, product_id) VALUES (19978, 'Shirt back view', 'https://example.com/sku09989-back.jpg', 9989);
INSERT INTO product_attributes (attribute_value, product_id, attribute_id) VALUES ('Blue', 9989, 1);
INSERT INTO product_attributes (attribute_value, product_id, attribute_id) VALUES ('XL', 9989, 2);
INSERT INTO product_attributes (attribute_value, product_id, attribute_id) VALUES ('cotton', 9989, 3);
INSERT INTO stock (product_id, quantity, warehouse_location) VALUES (9989, 19, 'C9');
INSERT INTO products (id, description, name, price, sku, supplier_id, category_id, brand_id) VALUES (9990, 'silk Shirt', 'Silk Shirt', 36.61, 'SKU09990', 10, 2, 4);
INSERT INTO images (id, alt_text, image_url, product_id) VALUES (19979, 'Shirt front view', 'https://example.com/sku09990-front.jpg', 9990);
INSERT INTO images (id, alt_text, image_url, product_id) VALUES (19980, 'Shirt back view', 'https://example.com/sku09990-back.jpg', 9990);
INSERT INTO product_attributes (attribute_value, product_id, attribute_id) VALUES ('Green', 9990, 1);
INSERT INTO product_attributes (attribute_value, product_id, attribute_id) VALUES ('L', 9990, 2);
INSERT INTO product_attributes (attribute_value, product_id, attribute_id) VALUES ('linen', 9990, 3);
INSERT INTO stock (product_id, quantity, warehouse_location) VALUES (9990, 60, 'C7');
INSERT INTO products (id, description, name, price, sku, supplier_id, category_id, brand_id) VALUES (9991, 'denim Sweater', 'Denim Sweater', 46.4, 'SKU09991', 5, 1, 3);
INSERT INTO images (id, alt_text, image_url, product_id) VALUES (19981, 'Sweater front view', 'https://example.com/sku09991-front.jpg', 9991);
INSERT INTO images (id, alt_text, image_url, product_id) VALUES (19982, 'Sweater back view', 'https://example.com/sku09991-back.jpg', 9991);
INSERT INTO product_attributes (attribute_value, product_id, attribute_id) VALUES ('Blue', 9991, 1);
INSERT INTO product_attributes (attribute_value, product_id, attribute_id) VALUES ('S', 9991, 2);
INSERT INTO product_attributes (attribute_value, product_id, attribute_id) VALUES ('denim', 9991, 3);
INSERT INTO stock (product_id, quantity, warehouse_location) VALUES (9991, 2, 'C6');
INSERT INTO products (id, description, name, price, sku, supplier_id, category_id, brand_id) VALUES (9992, 'linen Jacket', 'Linen Jacket', 58.6, 'SKU09992', 5, 2, 1);
INSERT INTO images (id, alt_text, image_url, product_id) VALUES (19983, 'Jacket front view', 'https://example.com/sku09992-front.jpg', 9992);
INSERT INTO images (id, alt_text, image_url, product_id) VALUES (19984, 'Jacket back view', 'https://example.com/sku09992-back.jpg', 9992);
INSERT INTO product_attributes (attribute_value, product_id, attribute_id) VALUES ('Red', 9992, 1);
INSERT INTO product_attributes (attribute_value, product_id, attribute_id) VALUES ('S', 9992, 2);
INSERT INTO product_attributes (attribute_value, product_id, attribute_id) VALUES ('cotton', 9992, 3);
INSERT INTO stock (product_id, quantity, warehouse_location) VALUES (9992, 180, 'B1');
INSERT INTO products (id, description, name, price, sku, supplier_id, category_id, brand_id) VALUES (9993, 'wool Jeans', 'Wool Jeans', 60.55, 'SKU09993', 7, 1, 1);
INSERT INTO images (id, alt_text, image_url, product_id) VALUES (19985, 'Jeans front view', 'https://example.com/sku09993-front.jpg', 9993);
INSERT INTO images (id, alt_text, image_url, product_id) VALUES (19986, 'Jeans back view', 'https://example.com/sku09993-back.jpg', 9993);
INSERT INTO product_attributes (attribute_value, product_id, attribute_id) VALUES ('Green', 9993, 1);
INSERT INTO product_attributes (attribute_value, product_id, attribute_id) VALUES ('M', 9993, 2);
INSERT INTO product_attributes (attribute_value, product_id, attribute_id) VALUES ('linen', 9993, 3);
INSERT INTO stock (product_id, quantity, warehouse_location) VALUES (9993, 25, 'A10');
INSERT INTO products (id, description, name, price, sku, supplier_id, category_id, brand_id) VALUES (9994, 'denim Shirt', 'Denim Shirt', 72.08, 'SKU09994', 10, 1, 5);
INSERT INTO images (id, alt_text, image_url, product_id) VALUES (19987, 'Shirt front view', 'https://example.com/sku09994-front.jpg', 9994);
INSERT INTO images (id, alt_text, image_url, product_id) VALUES (19988, 'Shirt back view', 'https://example.com/sku09994-back.jpg', 9994);
INSERT INTO product_attributes (attribute_value, product_id, attribute_id) VALUES ('Black', 9994, 1);
INSERT INTO product_attributes (attribute_value, product_id, attribute_id) VALUES ('XXL', 9994, 2);
INSERT INTO product_attributes (attribute_value, product_id, attribute_id) VALUES ('silk', 9994, 3);
INSERT INTO stock (product_id, quantity, warehouse_location) VALUES (9994, 132, 'B6');
INSERT INTO products (id, description, name, price, sku, supplier_id, category_id, brand_id) VALUES (9995, 'wool T-Shirt', 'Wool T-Shirt', 61.36, 'SKU09995', 8, 4, 4);
INSERT INTO images (id, alt_text, image_url, product_id) VALUES (19989, 'T-Shirt front view', 'https://example.com/sku09995-front.jpg', 9995);
INSERT INTO images (id, alt_text, image_url, product_id) VALUES (19990, 'T-Shirt back view', 'https://example.com/sku09995-back.jpg', 9995);
INSERT INTO product_attributes (attribute_value, product_id, attribute_id) VALUES ('Green', 9995, 1);
INSERT INTO product_attributes (attribute_value, product_id, attribute_id) VALUES ('S', 9995, 2);
INSERT INTO product_attributes (attribute_value, product_id, attribute_id) VALUES ('denim', 9995, 3);
INSERT INTO stock (product_id, quantity, warehouse_location) VALUES (9995, 96, 'C4');
INSERT INTO products (id, description, name, price, sku, supplier_id, category_id, brand_id) VALUES (9996, 'wool Jeans', 'Wool Jeans', 86.28, 'SKU09996', 3, 1, 5);
INSERT INTO images (id, alt_text, image_url, product_id) VALUES (19991, 'Jeans front view', 'https://example.com/sku09996-front.jpg', 9996);
INSERT INTO images (id, alt_text, image_url, product_id) VALUES (19992, 'Jeans back view', 'https://example.com/sku09996-back.jpg', 9996);
INSERT INTO product_attributes (attribute_value, product_id, attribute_id) VALUES ('Green', 9996, 1);
INSERT INTO product_attributes (attribute_value, product_id, attribute_id) VALUES ('XL', 9996, 2);
INSERT INTO product_attributes (attribute_value, product_id, attribute_id) VALUES ('silk', 9996, 3);
INSERT INTO stock (product_id, quantity, warehouse_location) VALUES (9996, 83, 'C1');
INSERT INTO products (id, description, name, price, sku, supplier_id, category_id, brand_id) VALUES (9997, 'wool Jacket', 'Wool Jacket', 53.03, 'SKU09997', 10, 4, 1);
INSERT INTO images (id, alt_text, image_url, product_id) VALUES (19993, 'Jacket front view', 'https://example.com/sku09997-front.jpg', 9997);
INSERT INTO images (id, alt_text, image_url, product_id) VALUES (19994, 'Jacket back view', 'https://example.com/sku09997-back.jpg', 9997);
INSERT INTO product_attributes (attribute_value, product_id, attribute_id) VALUES ('Black', 9997, 1);
INSERT INTO product_attributes (attribute_value, product_id, attribute_id) VALUES ('M', 9997, 2);
INSERT INTO product_attributes (attribute_value, product_id, attribute_id) VALUES ('wool', 9997, 3);
INSERT INTO stock (product_id, quantity, warehouse_location) VALUES (9997, 163, 'A8');
INSERT INTO products (id, description, name, price, sku, supplier_id, category_id, brand_id) VALUES (9998, 'cotton T-Shirt', 'Cotton T-Shirt', 25.06, 'SKU09998', 1, 1, 1);
INSERT INTO images (id, alt_text, image_url, product_id) VALUES (19995, 'T-Shirt front view', 'https://example.com/sku09998-front.jpg', 9998);
INSERT INTO images (id, alt_text, image_url, product_id) VALUES (19996, 'T-Shirt back view', 'https://example.com/sku09998-back.jpg', 9998);
INSERT INTO product_attributes (attribute_value, product_id, attribute_id) VALUES ('Black', 9998, 1);
INSERT INTO product_attributes (attribute_value, product_id, attribute_id) VALUES ('XL', 9998, 2);
INSERT INTO product_attributes (attribute_value, product_id, attribute_id) VALUES ('linen', 9998, 3);
INSERT INTO stock (product_id, quantity, warehouse_location) VALUES (9998, 12, 'C9');
INSERT INTO products (id, description, name, price, sku, supplier_id, category_id, brand_id) VALUES (9999, 'silk T-Shirt', 'Silk T-Shirt', 81.63, 'SKU09999', 6, 1, 1);
INSERT INTO images (id, alt_text, image_url, product_id) VALUES (19997, 'T-Shirt front view', 'https://example.com/sku09999-front.jpg', 9999);
INSERT INTO images (id, alt_text, image_url, product_id) VALUES (19998, 'T-Shirt back view', 'https://example.com/sku09999-back.jpg', 9999);
INSERT INTO product_attributes (attribute_value, product_id, attribute_id) VALUES ('Black', 9999, 1);
INSERT INTO product_attributes (attribute_value, product_id, attribute_id) VALUES ('XXL', 9999, 2);
INSERT INTO product_attributes (attribute_value, product_id, attribute_id) VALUES ('silk', 9999, 3);
INSERT INTO stock (product_id, quantity, warehouse_location) VALUES (9999, 35, 'A5');
INSERT INTO products (id, description, name, price, sku, supplier_id, category_id, brand_id) VALUES (10000, 'cotton Jacket', 'Cotton Jacket', 18.48, 'SKU10000', 7, 3, 2);
INSERT INTO images (id, alt_text, image_url, product_id) VALUES (19999, 'Jacket front view', 'https://example.com/sku10000-front.jpg', 10000);
INSERT INTO images (id, alt_text, image_url, product_id) VALUES (20000, 'Jacket back view', 'https://example.com/sku10000-back.jpg', 10000);
INSERT INTO product_attributes (attribute_value, product_id, attribute_id) VALUES ('Blue', 10000, 1);
INSERT INTO product_attributes (attribute_value, product_id, attribute_id) VALUES ('M', 10000, 2);
INSERT INTO product_attributes (attribute_value, product_id, attribute_id) VALUES ('linen', 10000, 3);
INSERT INTO stock (product_id, quantity, warehouse_location) VALUES (10000, 75, 'C5');
